CNPJ_CIA;DT_REFER;VERSAO;DENOM_CIA;CD_CVM;GRUPO_DFP;MOEDA;ESCALA_MOEDA;ORDEM_EXERC;DT_INI_EXERC;DT_FIM_EXERC;CD_CONTA;DS_CONTA;VL_CONTA;ST_CONTA_FIXA
02.635.522/0001-95;2026-03-31;1;JALLES MACHADO S.A.;025496;DF Consolidado - Demonstração do Resultado;REAL;MIL;PENÚLTIMO;2024-04-01;2025-03-31;3.01;Receita de Venda de Bens e/ou Serviços;2337911.0000000000;S
02.635.522/0001-95;2026-03-31;1;JALLES MACHADO S.A.;025496;DF Consolidado - Demonstração do Resultado;REAL;MIL;ÚLTIMO;2025-04-01;2026-03-31;3.01;Receita de Venda de Bens e/ou Serviços;2148915.0000000000;S
02.635.522/0001-95;2026-03-31;1;JALLES MACHADO S.A.;025496;DF Consolidado - Demonstração do Resultado;REAL;MIL;PENÚLTIMO;2024-04-01;2025-03-31;3.02;Custo dos Bens e/ou Serviços Vendidos;-1699041.0000000000;S
02.635.522/0001-95;2026-03-31;1;JALLES MACHADO S.A.;025496;DF Consolidado - Demonstração do Resultado;REAL;MIL;ÚLTIMO;2025-04-01;2026-03-31;3.02;Custo dos Bens e/ou Serviços Vendidos;-2107419.0000000000;S
02.635.522/0001-95;2026-03-31;1;JALLES MACHADO S.A.;025496;DF Consolidado - Demonstração do Resultado;REAL;MIL;PENÚLTIMO;2024-04-01;2025-03-31;3.02.01;Custo das vendas e serviços;-1743644.0000000000;N
02.635.522/0001-95;2026-03-31;1;JALLES MACHADO S.A.;025496;DF Consolidado - Demonstração do Resultado;REAL;MIL;ÚLTIMO;2025-04-01;2026-03-31;3.02.01;Custo das vendas e serviços;-1760322.0000000000;N
02.635.522/0001-95;2026-03-31;1;JALLES MACHADO S.A.;025496;DF Consolidado - Demonstração do Resultado;REAL;MIL;PENÚLTIMO;2024-04-01;2025-03-31;3.02.02;Variação do valor justo de ativos biológicos;44603.0000000000;N
02.635.522/0001-95;2026-03-31;1;JALLES MACHADO S.A.;025496;DF Consolidado - Demonstração do Resultado;REAL;MIL;ÚLTIMO;2025-04-01;2026-03-31;3.02.02;Variação do valor justo de ativos biológicos;-347097.0000000000;N
02.635.522/0001-95;2026-03-31;1;JALLES MACHADO S.A.;025496;DF Consolidado - Demonstração do Resultado;REAL;MIL;PENÚLTIMO;2024-04-01;2025-03-31;3.03;Resultado Bruto;638870.0000000000;S
02.635.522/0001-95;2026-03-31;1;JALLES MACHADO S.A.;025496;DF Consolidado - Demonstração do Resultado;REAL;MIL;ÚLTIMO;2025-04-01;2026-03-31;3.03;Resultado Bruto;41496.0000000000;S
02.635.522/0001-95;2026-03-31;1;JALLES MACHADO S.A.;025496;DF Consolidado - Demonstração do Resultado;REAL;MIL;PENÚLTIMO;2024-04-01;2025-03-31;3.04;Despesas/Receitas Operacionais;-166980.0000000000;S
02.635.522/0001-95;2026-03-31;1;JALLES MACHADO S.A.;025496;DF Consolidado - Demonstração do Resultado;REAL;MIL;ÚLTIMO;2025-04-01;2026-03-31;3.04;Despesas/Receitas Operacionais;-170130.0000000000;S
02.635.522/0001-95;2026-03-31;1;JALLES MACHADO S.A.;025496;DF Consolidado - Demonstração do Resultado;REAL;MIL;PENÚLTIMO;2024-04-01;2025-03-31;3.04.01;Despesas com Vendas;-208542.0000000000;S
02.635.522/0001-95;2026-03-31;1;JALLES MACHADO S.A.;025496;DF Consolidado - Demonstração do Resultado;REAL;MIL;ÚLTIMO;2025-04-01;2026-03-31;3.04.01;Despesas com Vendas;-211513.0000000000;S
02.635.522/0001-95;2026-03-31;1;JALLES MACHADO S.A.;025496;DF Consolidado - Demonstração do Resultado;REAL;MIL;PENÚLTIMO;2024-04-01;2025-03-31;3.04.02;Despesas Gerais e Administrativas;-132331.0000000000;S
02.635.522/0001-95;2026-03-31;1;JALLES MACHADO S.A.;025496;DF Consolidado - Demonstração do Resultado;REAL;MIL;ÚLTIMO;2025-04-01;2026-03-31;3.04.02;Despesas Gerais e Administrativas;-105508.0000000000;S
02.635.522/0001-95;2026-03-31;1;JALLES MACHADO S.A.;025496;DF Consolidado - Demonstração do Resultado;REAL;MIL;PENÚLTIMO;2024-04-01;2025-03-31;3.04.03;Perdas pela Não Recuperabilidade de Ativos;-28.0000000000;S
02.635.522/0001-95;2026-03-31;1;JALLES MACHADO S.A.;025496;DF Consolidado - Demonstração do Resultado;REAL;MIL;ÚLTIMO;2025-04-01;2026-03-31;3.04.03;Perdas pela Não Recuperabilidade de Ativos;725.0000000000;S
02.635.522/0001-95;2026-03-31;1;JALLES MACHADO S.A.;025496;DF Consolidado - Demonstração do Resultado;REAL;MIL;PENÚLTIMO;2024-04-01;2025-03-31;3.04.04;Outras Receitas Operacionais;205429.0000000000;S
02.635.522/0001-95;2026-03-31;1;JALLES MACHADO S.A.;025496;DF Consolidado - Demonstração do Resultado;REAL;MIL;ÚLTIMO;2025-04-01;2026-03-31;3.04.04;Outras Receitas Operacionais;150114.0000000000;S
02.635.522/0001-95;2026-03-31;1;JALLES MACHADO S.A.;025496;DF Consolidado - Demonstração do Resultado;REAL;MIL;PENÚLTIMO;2024-04-01;2025-03-31;3.04.05;Outras Despesas Operacionais;-39833.0000000000;S
02.635.522/0001-95;2026-03-31;1;JALLES MACHADO S.A.;025496;DF Consolidado - Demonstração do Resultado;REAL;MIL;ÚLTIMO;2025-04-01;2026-03-31;3.04.05;Outras Despesas Operacionais;-19443.0000000000;S
02.635.522/0001-95;2026-03-31;1;JALLES MACHADO S.A.;025496;DF Consolidado - Demonstração do Resultado;REAL;MIL;PENÚLTIMO;2024-04-01;2025-03-31;3.04.06;Resultado de Equivalência Patrimonial;8325.0000000000;S
02.635.522/0001-95;2026-03-31;1;JALLES MACHADO S.A.;025496;DF Consolidado - Demonstração do Resultado;REAL;MIL;ÚLTIMO;2025-04-01;2026-03-31;3.04.06;Resultado de Equivalência Patrimonial;15495.0000000000;S
02.635.522/0001-95;2026-03-31;1;JALLES MACHADO S.A.;025496;DF Consolidado - Demonstração do Resultado;REAL;MIL;PENÚLTIMO;2024-04-01;2025-03-31;3.05;Resultado Antes do Resultado Financeiro e dos Tributos;471890.0000000000;S
02.635.522/0001-95;2026-03-31;1;JALLES MACHADO S.A.;025496;DF Consolidado - Demonstração do Resultado;REAL;MIL;ÚLTIMO;2025-04-01;2026-03-31;3.05;Resultado Antes do Resultado Financeiro e dos Tributos;-128634.0000000000;S
02.635.522/0001-95;2026-03-31;1;JALLES MACHADO S.A.;025496;DF Consolidado - Demonstração do Resultado;REAL;MIL;PENÚLTIMO;2024-04-01;2025-03-31;3.06;Resultado Financeiro;-618158.0000000000;S
02.635.522/0001-95;2026-03-31;1;JALLES MACHADO S.A.;025496;DF Consolidado - Demonstração do Resultado;REAL;MIL;ÚLTIMO;2025-04-01;2026-03-31;3.06;Resultado Financeiro;70994.0000000000;S
02.635.522/0001-95;2026-03-31;1;JALLES MACHADO S.A.;025496;DF Consolidado - Demonstração do Resultado;REAL;MIL;PENÚLTIMO;2024-04-01;2025-03-31;3.06.01;Receitas Financeiras;151557.0000000000;S
02.635.522/0001-95;2026-03-31;1;JALLES MACHADO S.A.;025496;DF Consolidado - Demonstração do Resultado;REAL;MIL;ÚLTIMO;2025-04-01;2026-03-31;3.06.01;Receitas Financeiras;589674.0000000000;S
02.635.522/0001-95;2026-03-31;1;JALLES MACHADO S.A.;025496;DF Consolidado - Demonstração do Resultado;REAL;MIL;PENÚLTIMO;2024-04-01;2025-03-31;3.06.01.01;Receitas Financeiras;151557.0000000000;N
02.635.522/0001-95;2026-03-31;1;JALLES MACHADO S.A.;025496;DF Consolidado - Demonstração do Resultado;REAL;MIL;ÚLTIMO;2025-04-01;2026-03-31;3.06.01.01;Receitas Financeiras;286693.0000000000;N
02.635.522/0001-95;2026-03-31;1;JALLES MACHADO S.A.;025496;DF Consolidado - Demonstração do Resultado;REAL;MIL;PENÚLTIMO;2024-04-01;2025-03-31;3.06.01.02;Variações monetárias e cambiais líquidas;0.0000000000;N
02.635.522/0001-95;2026-03-31;1;JALLES MACHADO S.A.;025496;DF Consolidado - Demonstração do Resultado;REAL;MIL;ÚLTIMO;2025-04-01;2026-03-31;3.06.01.02;Variações monetárias e cambiais líquidas;3362.0000000000;N
02.635.522/0001-95;2026-03-31;1;JALLES MACHADO S.A.;025496;DF Consolidado - Demonstração do Resultado;REAL;MIL;PENÚLTIMO;2024-04-01;2025-03-31;3.06.01.03;Instrumentos derivativos, líquidos;0.0000000000;N
02.635.522/0001-95;2026-03-31;1;JALLES MACHADO S.A.;025496;DF Consolidado - Demonstração do Resultado;REAL;MIL;ÚLTIMO;2025-04-01;2026-03-31;3.06.01.03;Instrumentos derivativos, líquidos;299619.0000000000;N
02.635.522/0001-95;2026-03-31;1;JALLES MACHADO S.A.;025496;DF Consolidado - Demonstração do Resultado;REAL;MIL;PENÚLTIMO;2024-04-01;2025-03-31;3.06.02;Despesas Financeiras;-769715.0000000000;S
02.635.522/0001-95;2026-03-31;1;JALLES MACHADO S.A.;025496;DF Consolidado - Demonstração do Resultado;REAL;MIL;ÚLTIMO;2025-04-01;2026-03-31;3.06.02;Despesas Financeiras;-518680.0000000000;S
02.635.522/0001-95;2026-03-31;1;JALLES MACHADO S.A.;025496;DF Consolidado - Demonstração do Resultado;REAL;MIL;PENÚLTIMO;2024-04-01;2025-03-31;3.06.02.01;Despesas Financeiras;-501002.0000000000;N
02.635.522/0001-95;2026-03-31;1;JALLES MACHADO S.A.;025496;DF Consolidado - Demonstração do Resultado;REAL;MIL;ÚLTIMO;2025-04-01;2026-03-31;3.06.02.01;Despesas Financeiras;-518680.0000000000;N
02.635.522/0001-95;2026-03-31;1;JALLES MACHADO S.A.;025496;DF Consolidado - Demonstração do Resultado;REAL;MIL;PENÚLTIMO;2024-04-01;2025-03-31;3.06.02.02;Variações monetárias e cambiais líquidas;-16881.0000000000;N
02.635.522/0001-95;2026-03-31;1;JALLES MACHADO S.A.;025496;DF Consolidado - Demonstração do Resultado;REAL;MIL;ÚLTIMO;2025-04-01;2026-03-31;3.06.02.02;Variações monetárias e cambiais líquidas;0.0000000000;N
02.635.522/0001-95;2026-03-31;1;JALLES MACHADO S.A.;025496;DF Consolidado - Demonstração do Resultado;REAL;MIL;PENÚLTIMO;2024-04-01;2025-03-31;3.06.02.03;Instrumentos derivativos líquidos;-251832.0000000000;N
02.635.522/0001-95;2026-03-31;1;JALLES MACHADO S.A.;025496;DF Consolidado - Demonstração do Resultado;REAL;MIL;ÚLTIMO;2025-04-01;2026-03-31;3.06.02.03;Instrumentos derivativos líquidos;0.0000000000;N
02.635.522/0001-95;2026-03-31;1;JALLES MACHADO S.A.;025496;DF Consolidado - Demonstração do Resultado;REAL;MIL;PENÚLTIMO;2024-04-01;2025-03-31;3.07;Resultado Antes dos Tributos sobre o Lucro;-146268.0000000000;S
02.635.522/0001-95;2026-03-31;1;JALLES MACHADO S.A.;025496;DF Consolidado - Demonstração do Resultado;REAL;MIL;ÚLTIMO;2025-04-01;2026-03-31;3.07;Resultado Antes dos Tributos sobre o Lucro;-57640.0000000000;S
02.635.522/0001-95;2026-03-31;1;JALLES MACHADO S.A.;025496;DF Consolidado - Demonstração do Resultado;REAL;MIL;PENÚLTIMO;2024-04-01;2025-03-31;3.08;Imposto de Renda e Contribuição Social sobre o Lucro;90318.0000000000;S
02.635.522/0001-95;2026-03-31;1;JALLES MACHADO S.A.;025496;DF Consolidado - Demonstração do Resultado;REAL;MIL;ÚLTIMO;2025-04-01;2026-03-31;3.08;Imposto de Renda e Contribuição Social sobre o Lucro;67136.0000000000;S
02.635.522/0001-95;2026-03-31;1;JALLES MACHADO S.A.;025496;DF Consolidado - Demonstração do Resultado;REAL;MIL;PENÚLTIMO;2024-04-01;2025-03-31;3.08.01;Corrente;-46398.0000000000;S
02.635.522/0001-95;2026-03-31;1;JALLES MACHADO S.A.;025496;DF Consolidado - Demonstração do Resultado;REAL;MIL;ÚLTIMO;2025-04-01;2026-03-31;3.08.01;Corrente;0.0000000000;S
02.635.522/0001-95;2026-03-31;1;JALLES MACHADO S.A.;025496;DF Consolidado - Demonstração do Resultado;REAL;MIL;PENÚLTIMO;2024-04-01;2025-03-31;3.08.02;Diferido;136716.0000000000;S
02.635.522/0001-95;2026-03-31;1;JALLES MACHADO S.A.;025496;DF Consolidado - Demonstração do Resultado;REAL;MIL;ÚLTIMO;2025-04-01;2026-03-31;3.08.02;Diferido;67136.0000000000;S
02.635.522/0001-95;2026-03-31;1;JALLES MACHADO S.A.;025496;DF Consolidado - Demonstração do Resultado;REAL;MIL;PENÚLTIMO;2024-04-01;2025-03-31;3.09;Resultado Líquido das Operações Continuadas;-55950.0000000000;S
02.635.522/0001-95;2026-03-31;1;JALLES MACHADO S.A.;025496;DF Consolidado - Demonstração do Resultado;REAL;MIL;ÚLTIMO;2025-04-01;2026-03-31;3.09;Resultado Líquido das Operações Continuadas;9496.0000000000;S
02.635.522/0001-95;2026-03-31;1;JALLES MACHADO S.A.;025496;DF Consolidado - Demonstração do Resultado;REAL;MIL;PENÚLTIMO;2024-04-01;2025-03-31;3.10;Resultado Líquido de Operações Descontinuadas;0.0000000000;S
02.635.522/0001-95;2026-03-31;1;JALLES MACHADO S.A.;025496;DF Consolidado - Demonstração do Resultado;REAL;MIL;ÚLTIMO;2025-04-01;2026-03-31;3.10;Resultado Líquido de Operações Descontinuadas;0.0000000000;S
02.635.522/0001-95;2026-03-31;1;JALLES MACHADO S.A.;025496;DF Consolidado - Demonstração do Resultado;REAL;MIL;PENÚLTIMO;2024-04-01;2025-03-31;3.10.01;Lucro/Prejuízo Líquido das Operações Descontinuadas;0.0000000000;S
02.635.522/0001-95;2026-03-31;1;JALLES MACHADO S.A.;025496;DF Consolidado - Demonstração do Resultado;REAL;MIL;ÚLTIMO;2025-04-01;2026-03-31;3.10.01;Lucro/Prejuízo Líquido das Operações Descontinuadas;0.0000000000;S
02.635.522/0001-95;2026-03-31;1;JALLES MACHADO S.A.;025496;DF Consolidado - Demonstração do Resultado;REAL;MIL;PENÚLTIMO;2024-04-01;2025-03-31;3.10.02;Ganhos/Perdas Líquidas sobre Ativos de Operações Descontinuadas;0.0000000000;S
02.635.522/0001-95;2026-03-31;1;JALLES MACHADO S.A.;025496;DF Consolidado - Demonstração do Resultado;REAL;MIL;ÚLTIMO;2025-04-01;2026-03-31;3.10.02;Ganhos/Perdas Líquidas sobre Ativos de Operações Descontinuadas;0.0000000000;S
02.635.522/0001-95;2026-03-31;1;JALLES MACHADO S.A.;025496;DF Consolidado - Demonstração do Resultado;REAL;MIL;PENÚLTIMO;2024-04-01;2025-03-31;3.11;Lucro/Prejuízo Consolidado do Período;-55950.0000000000;S
02.635.522/0001-95;2026-03-31;1;JALLES MACHADO S.A.;025496;DF Consolidado - Demonstração do Resultado;REAL;MIL;ÚLTIMO;2025-04-01;2026-03-31;3.11;Lucro/Prejuízo Consolidado do Período;9496.0000000000;S
02.635.522/0001-95;2026-03-31;1;JALLES MACHADO S.A.;025496;DF Consolidado - Demonstração do Resultado;REAL;MIL;PENÚLTIMO;2024-04-01;2025-03-31;3.11.01;Atribuído a Sócios da Empresa Controladora;-55950.0000000000;S
02.635.522/0001-95;2026-03-31;1;JALLES MACHADO S.A.;025496;DF Consolidado - Demonstração do Resultado;REAL;MIL;ÚLTIMO;2025-04-01;2026-03-31;3.11.01;Atribuído a Sócios da Empresa Controladora;9496.0000000000;S
02.635.522/0001-95;2026-03-31;1;JALLES MACHADO S.A.;025496;DF Consolidado - Demonstração do Resultado;REAL;MIL;PENÚLTIMO;2024-04-01;2025-03-31;3.11.02;Atribuído a Sócios Não Controladores;0.0000000000;S
02.635.522/0001-95;2026-03-31;1;JALLES MACHADO S.A.;025496;DF Consolidado - Demonstração do Resultado;REAL;MIL;ÚLTIMO;2025-04-01;2026-03-31;3.11.02;Atribuído a Sócios Não Controladores;0.0000000000;S
02.635.522/0001-95;2026-03-31;1;JALLES MACHADO S.A.;025496;DF Consolidado - Demonstração do Resultado;REAL;MIL;PENÚLTIMO;2024-04-01;2025-03-31;3.99;Lucro por Ação - (Reais / Ação);0.0000000000;N
02.635.522/0001-95;2026-03-31;1;JALLES MACHADO S.A.;025496;DF Consolidado - Demonstração do Resultado;REAL;MIL;ÚLTIMO;2025-04-01;2026-03-31;3.99;Lucro por Ação - (Reais / Ação);0.0000000000;N
02.635.522/0001-95;2026-03-31;1;JALLES MACHADO S.A.;025496;DF Consolidado - Demonstração do Resultado;REAL;MIL;PENÚLTIMO;2024-04-01;2025-03-31;3.99.01;Lucro Básico por Ação;0.0000000000;N
02.635.522/0001-95;2026-03-31;1;JALLES MACHADO S.A.;025496;DF Consolidado - Demonstração do Resultado;REAL;MIL;ÚLTIMO;2025-04-01;2026-03-31;3.99.01;Lucro Básico por Ação;0.0000000000;N
02.635.522/0001-95;2026-03-31;1;JALLES MACHADO S.A.;025496;DF Consolidado - Demonstração do Resultado;REAL;MIL;PENÚLTIMO;2024-04-01;2025-03-31;3.99.01.01;ON;-0.1855400000;N
02.635.522/0001-95;2026-03-31;1;JALLES MACHADO S.A.;025496;DF Consolidado - Demonstração do Resultado;REAL;MIL;ÚLTIMO;2025-04-01;2026-03-31;3.99.01.01;ON;0.0314900000;N
02.635.522/0001-95;2026-03-31;1;JALLES MACHADO S.A.;025496;DF Consolidado - Demonstração do Resultado;REAL;MIL;PENÚLTIMO;2024-04-01;2025-03-31;3.99.02;Lucro Diluído por Ação;0.0000000000;N
02.635.522/0001-95;2026-03-31;1;JALLES MACHADO S.A.;025496;DF Consolidado - Demonstração do Resultado;REAL;MIL;ÚLTIMO;2025-04-01;2026-03-31;3.99.02;Lucro Diluído por Ação;0.0000000000;N
02.635.522/0001-95;2026-03-31;1;JALLES MACHADO S.A.;025496;DF Consolidado - Demonstração do Resultado;REAL;MIL;PENÚLTIMO;2024-04-01;2025-03-31;3.99.02.01;ON;-0.1855400000;N
02.635.522/0001-95;2026-03-31;1;JALLES MACHADO S.A.;025496;DF Consolidado - Demonstração do Resultado;REAL;MIL;ÚLTIMO;2025-04-01;2026-03-31;3.99.02.01;ON;0.0314900000;N
06.981.381/0001-13;2026-03-31;1;CTC - CENTRO DE TECNOLOGIA CANAVIEIRA S.A.;023981;DF Consolidado - Demonstração do Resultado;REAL;MIL;PENÚLTIMO;2024-04-01;2025-03-31;3.01;Receita de Venda de Bens e/ou Serviços;422648.0000000000;S
06.981.381/0001-13;2026-03-31;1;CTC - CENTRO DE TECNOLOGIA CANAVIEIRA S.A.;023981;DF Consolidado - Demonstração do Resultado;REAL;MIL;ÚLTIMO;2025-04-01;2026-03-31;3.01;Receita de Venda de Bens e/ou Serviços;470580.0000000000;S
06.981.381/0001-13;2026-03-31;1;CTC - CENTRO DE TECNOLOGIA CANAVIEIRA S.A.;023981;DF Consolidado - Demonstração do Resultado;REAL;MIL;PENÚLTIMO;2024-04-01;2025-03-31;3.02;Custo dos Bens e/ou Serviços Vendidos;-139293.0000000000;S
06.981.381/0001-13;2026-03-31;1;CTC - CENTRO DE TECNOLOGIA CANAVIEIRA S.A.;023981;DF Consolidado - Demonstração do Resultado;REAL;MIL;ÚLTIMO;2025-04-01;2026-03-31;3.02;Custo dos Bens e/ou Serviços Vendidos;-156249.0000000000;S
06.981.381/0001-13;2026-03-31;1;CTC - CENTRO DE TECNOLOGIA CANAVIEIRA S.A.;023981;DF Consolidado - Demonstração do Resultado;REAL;MIL;PENÚLTIMO;2024-04-01;2025-03-31;3.03;Resultado Bruto;283355.0000000000;S
06.981.381/0001-13;2026-03-31;1;CTC - CENTRO DE TECNOLOGIA CANAVIEIRA S.A.;023981;DF Consolidado - Demonstração do Resultado;REAL;MIL;ÚLTIMO;2025-04-01;2026-03-31;3.03;Resultado Bruto;314331.0000000000;S
06.981.381/0001-13;2026-03-31;1;CTC - CENTRO DE TECNOLOGIA CANAVIEIRA S.A.;023981;DF Consolidado - Demonstração do Resultado;REAL;MIL;PENÚLTIMO;2024-04-01;2025-03-31;3.04;Despesas/Receitas Operacionais;-150519.0000000000;S
06.981.381/0001-13;2026-03-31;1;CTC - CENTRO DE TECNOLOGIA CANAVIEIRA S.A.;023981;DF Consolidado - Demonstração do Resultado;REAL;MIL;ÚLTIMO;2025-04-01;2026-03-31;3.04;Despesas/Receitas Operacionais;-143819.0000000000;S
06.981.381/0001-13;2026-03-31;1;CTC - CENTRO DE TECNOLOGIA CANAVIEIRA S.A.;023981;DF Consolidado - Demonstração do Resultado;REAL;MIL;PENÚLTIMO;2024-04-01;2025-03-31;3.04.01;Despesas com Vendas;0.0000000000;S
06.981.381/0001-13;2026-03-31;1;CTC - CENTRO DE TECNOLOGIA CANAVIEIRA S.A.;023981;DF Consolidado - Demonstração do Resultado;REAL;MIL;ÚLTIMO;2025-04-01;2026-03-31;3.04.01;Despesas com Vendas;0.0000000000;S
06.981.381/0001-13;2026-03-31;1;CTC - CENTRO DE TECNOLOGIA CANAVIEIRA S.A.;023981;DF Consolidado - Demonstração do Resultado;REAL;MIL;PENÚLTIMO;2024-04-01;2025-03-31;3.04.02;Despesas Gerais e Administrativas;-126874.0000000000;S
06.981.381/0001-13;2026-03-31;1;CTC - CENTRO DE TECNOLOGIA CANAVIEIRA S.A.;023981;DF Consolidado - Demonstração do Resultado;REAL;MIL;ÚLTIMO;2025-04-01;2026-03-31;3.04.02;Despesas Gerais e Administrativas;-142903.0000000000;S
06.981.381/0001-13;2026-03-31;1;CTC - CENTRO DE TECNOLOGIA CANAVIEIRA S.A.;023981;DF Consolidado - Demonstração do Resultado;REAL;MIL;PENÚLTIMO;2024-04-01;2025-03-31;3.04.03;Perdas pela Não Recuperabilidade de Ativos;0.0000000000;S
06.981.381/0001-13;2026-03-31;1;CTC - CENTRO DE TECNOLOGIA CANAVIEIRA S.A.;023981;DF Consolidado - Demonstração do Resultado;REAL;MIL;ÚLTIMO;2025-04-01;2026-03-31;3.04.03;Perdas pela Não Recuperabilidade de Ativos;0.0000000000;S
06.981.381/0001-13;2026-03-31;1;CTC - CENTRO DE TECNOLOGIA CANAVIEIRA S.A.;023981;DF Consolidado - Demonstração do Resultado;REAL;MIL;PENÚLTIMO;2024-04-01;2025-03-31;3.04.04;Outras Receitas Operacionais;0.0000000000;S
06.981.381/0001-13;2026-03-31;1;CTC - CENTRO DE TECNOLOGIA CANAVIEIRA S.A.;023981;DF Consolidado - Demonstração do Resultado;REAL;MIL;ÚLTIMO;2025-04-01;2026-03-31;3.04.04;Outras Receitas Operacionais;0.0000000000;S
06.981.381/0001-13;2026-03-31;1;CTC - CENTRO DE TECNOLOGIA CANAVIEIRA S.A.;023981;DF Consolidado - Demonstração do Resultado;REAL;MIL;PENÚLTIMO;2024-04-01;2025-03-31;3.04.05;Outras Despesas Operacionais;-23645.0000000000;S
06.981.381/0001-13;2026-03-31;1;CTC - CENTRO DE TECNOLOGIA CANAVIEIRA S.A.;023981;DF Consolidado - Demonstração do Resultado;REAL;MIL;ÚLTIMO;2025-04-01;2026-03-31;3.04.05;Outras Despesas Operacionais;-916.0000000000;S
06.981.381/0001-13;2026-03-31;1;CTC - CENTRO DE TECNOLOGIA CANAVIEIRA S.A.;023981;DF Consolidado - Demonstração do Resultado;REAL;MIL;PENÚLTIMO;2024-04-01;2025-03-31;3.04.06;Resultado de Equivalência Patrimonial;0.0000000000;S
06.981.381/0001-13;2026-03-31;1;CTC - CENTRO DE TECNOLOGIA CANAVIEIRA S.A.;023981;DF Consolidado - Demonstração do Resultado;REAL;MIL;ÚLTIMO;2025-04-01;2026-03-31;3.04.06;Resultado de Equivalência Patrimonial;0.0000000000;S
06.981.381/0001-13;2026-03-31;1;CTC - CENTRO DE TECNOLOGIA CANAVIEIRA S.A.;023981;DF Consolidado - Demonstração do Resultado;REAL;MIL;PENÚLTIMO;2024-04-01;2025-03-31;3.05;Resultado Antes do Resultado Financeiro e dos Tributos;132836.0000000000;S
06.981.381/0001-13;2026-03-31;1;CTC - CENTRO DE TECNOLOGIA CANAVIEIRA S.A.;023981;DF Consolidado - Demonstração do Resultado;REAL;MIL;ÚLTIMO;2025-04-01;2026-03-31;3.05;Resultado Antes do Resultado Financeiro e dos Tributos;170512.0000000000;S
06.981.381/0001-13;2026-03-31;1;CTC - CENTRO DE TECNOLOGIA CANAVIEIRA S.A.;023981;DF Consolidado - Demonstração do Resultado;REAL;MIL;PENÚLTIMO;2024-04-01;2025-03-31;3.06;Resultado Financeiro;53548.0000000000;S
06.981.381/0001-13;2026-03-31;1;CTC - CENTRO DE TECNOLOGIA CANAVIEIRA S.A.;023981;DF Consolidado - Demonstração do Resultado;REAL;MIL;ÚLTIMO;2025-04-01;2026-03-31;3.06;Resultado Financeiro;80945.0000000000;S
06.981.381/0001-13;2026-03-31;1;CTC - CENTRO DE TECNOLOGIA CANAVIEIRA S.A.;023981;DF Consolidado - Demonstração do Resultado;REAL;MIL;PENÚLTIMO;2024-04-01;2025-03-31;3.06.01;Receitas Financeiras;65785.0000000000;S
06.981.381/0001-13;2026-03-31;1;CTC - CENTRO DE TECNOLOGIA CANAVIEIRA S.A.;023981;DF Consolidado - Demonstração do Resultado;REAL;MIL;ÚLTIMO;2025-04-01;2026-03-31;3.06.01;Receitas Financeiras;98646.0000000000;S
06.981.381/0001-13;2026-03-31;1;CTC - CENTRO DE TECNOLOGIA CANAVIEIRA S.A.;023981;DF Consolidado - Demonstração do Resultado;REAL;MIL;PENÚLTIMO;2024-04-01;2025-03-31;3.06.02;Despesas Financeiras;-12237.0000000000;S
06.981.381/0001-13;2026-03-31;1;CTC - CENTRO DE TECNOLOGIA CANAVIEIRA S.A.;023981;DF Consolidado - Demonstração do Resultado;REAL;MIL;ÚLTIMO;2025-04-01;2026-03-31;3.06.02;Despesas Financeiras;-17701.0000000000;S
06.981.381/0001-13;2026-03-31;1;CTC - CENTRO DE TECNOLOGIA CANAVIEIRA S.A.;023981;DF Consolidado - Demonstração do Resultado;REAL;MIL;PENÚLTIMO;2024-04-01;2025-03-31;3.06.02.01;Variação cambial liquida;-124.0000000000;N
06.981.381/0001-13;2026-03-31;1;CTC - CENTRO DE TECNOLOGIA CANAVIEIRA S.A.;023981;DF Consolidado - Demonstração do Resultado;REAL;MIL;ÚLTIMO;2025-04-01;2026-03-31;3.06.02.01;Variação cambial liquida;-200.0000000000;N
06.981.381/0001-13;2026-03-31;1;CTC - CENTRO DE TECNOLOGIA CANAVIEIRA S.A.;023981;DF Consolidado - Demonstração do Resultado;REAL;MIL;PENÚLTIMO;2024-04-01;2025-03-31;3.06.02.02;Despesas financeiras;-12113.0000000000;N
06.981.381/0001-13;2026-03-31;1;CTC - CENTRO DE TECNOLOGIA CANAVIEIRA S.A.;023981;DF Consolidado - Demonstração do Resultado;REAL;MIL;ÚLTIMO;2025-04-01;2026-03-31;3.06.02.02;Despesas financeiras;-17501.0000000000;N
06.981.381/0001-13;2026-03-31;1;CTC - CENTRO DE TECNOLOGIA CANAVIEIRA S.A.;023981;DF Consolidado - Demonstração do Resultado;REAL;MIL;PENÚLTIMO;2024-04-01;2025-03-31;3.07;Resultado Antes dos Tributos sobre o Lucro;186384.0000000000;S
06.981.381/0001-13;2026-03-31;1;CTC - CENTRO DE TECNOLOGIA CANAVIEIRA S.A.;023981;DF Consolidado - Demonstração do Resultado;REAL;MIL;ÚLTIMO;2025-04-01;2026-03-31;3.07;Resultado Antes dos Tributos sobre o Lucro;251457.0000000000;S
06.981.381/0001-13;2026-03-31;1;CTC - CENTRO DE TECNOLOGIA CANAVIEIRA S.A.;023981;DF Consolidado - Demonstração do Resultado;REAL;MIL;PENÚLTIMO;2024-04-01;2025-03-31;3.08;Imposto de Renda e Contribuição Social sobre o Lucro;-10707.0000000000;S
06.981.381/0001-13;2026-03-31;1;CTC - CENTRO DE TECNOLOGIA CANAVIEIRA S.A.;023981;DF Consolidado - Demonstração do Resultado;REAL;MIL;ÚLTIMO;2025-04-01;2026-03-31;3.08;Imposto de Renda e Contribuição Social sobre o Lucro;-34983.0000000000;S
06.981.381/0001-13;2026-03-31;1;CTC - CENTRO DE TECNOLOGIA CANAVIEIRA S.A.;023981;DF Consolidado - Demonstração do Resultado;REAL;MIL;PENÚLTIMO;2024-04-01;2025-03-31;3.08.01;Corrente;-10274.0000000000;S
06.981.381/0001-13;2026-03-31;1;CTC - CENTRO DE TECNOLOGIA CANAVIEIRA S.A.;023981;DF Consolidado - Demonstração do Resultado;REAL;MIL;ÚLTIMO;2025-04-01;2026-03-31;3.08.01;Corrente;-34263.0000000000;S
06.981.381/0001-13;2026-03-31;1;CTC - CENTRO DE TECNOLOGIA CANAVIEIRA S.A.;023981;DF Consolidado - Demonstração do Resultado;REAL;MIL;PENÚLTIMO;2024-04-01;2025-03-31;3.08.02;Diferido;-433.0000000000;S
06.981.381/0001-13;2026-03-31;1;CTC - CENTRO DE TECNOLOGIA CANAVIEIRA S.A.;023981;DF Consolidado - Demonstração do Resultado;REAL;MIL;ÚLTIMO;2025-04-01;2026-03-31;3.08.02;Diferido;-720.0000000000;S
06.981.381/0001-13;2026-03-31;1;CTC - CENTRO DE TECNOLOGIA CANAVIEIRA S.A.;023981;DF Consolidado - Demonstração do Resultado;REAL;MIL;PENÚLTIMO;2024-04-01;2025-03-31;3.09;Resultado Líquido das Operações Continuadas;175677.0000000000;S
06.981.381/0001-13;2026-03-31;1;CTC - CENTRO DE TECNOLOGIA CANAVIEIRA S.A.;023981;DF Consolidado - Demonstração do Resultado;REAL;MIL;ÚLTIMO;2025-04-01;2026-03-31;3.09;Resultado Líquido das Operações Continuadas;216474.0000000000;S
06.981.381/0001-13;2026-03-31;1;CTC - CENTRO DE TECNOLOGIA CANAVIEIRA S.A.;023981;DF Consolidado - Demonstração do Resultado;REAL;MIL;PENÚLTIMO;2024-04-01;2025-03-31;3.10;Resultado Líquido de Operações Descontinuadas;0.0000000000;S
06.981.381/0001-13;2026-03-31;1;CTC - CENTRO DE TECNOLOGIA CANAVIEIRA S.A.;023981;DF Consolidado - Demonstração do Resultado;REAL;MIL;ÚLTIMO;2025-04-01;2026-03-31;3.10;Resultado Líquido de Operações Descontinuadas;0.0000000000;S
06.981.381/0001-13;2026-03-31;1;CTC - CENTRO DE TECNOLOGIA CANAVIEIRA S.A.;023981;DF Consolidado - Demonstração do Resultado;REAL;MIL;PENÚLTIMO;2024-04-01;2025-03-31;3.10.01;Lucro/Prejuízo Líquido das Operações Descontinuadas;0.0000000000;S
06.981.381/0001-13;2026-03-31;1;CTC - CENTRO DE TECNOLOGIA CANAVIEIRA S.A.;023981;DF Consolidado - Demonstração do Resultado;REAL;MIL;ÚLTIMO;2025-04-01;2026-03-31;3.10.01;Lucro/Prejuízo Líquido das Operações Descontinuadas;0.0000000000;S
06.981.381/0001-13;2026-03-31;1;CTC - CENTRO DE TECNOLOGIA CANAVIEIRA S.A.;023981;DF Consolidado - Demonstração do Resultado;REAL;MIL;PENÚLTIMO;2024-04-01;2025-03-31;3.10.02;Ganhos/Perdas Líquidas sobre Ativos de Operações Descontinuadas;0.0000000000;S
06.981.381/0001-13;2026-03-31;1;CTC - CENTRO DE TECNOLOGIA CANAVIEIRA S.A.;023981;DF Consolidado - Demonstração do Resultado;REAL;MIL;ÚLTIMO;2025-04-01;2026-03-31;3.10.02;Ganhos/Perdas Líquidas sobre Ativos de Operações Descontinuadas;0.0000000000;S
06.981.381/0001-13;2026-03-31;1;CTC - CENTRO DE TECNOLOGIA CANAVIEIRA S.A.;023981;DF Consolidado - Demonstração do Resultado;REAL;MIL;PENÚLTIMO;2024-04-01;2025-03-31;3.11;Lucro/Prejuízo Consolidado do Período;175677.0000000000;S
06.981.381/0001-13;2026-03-31;1;CTC - CENTRO DE TECNOLOGIA CANAVIEIRA S.A.;023981;DF Consolidado - Demonstração do Resultado;REAL;MIL;ÚLTIMO;2025-04-01;2026-03-31;3.11;Lucro/Prejuízo Consolidado do Período;216474.0000000000;S
06.981.381/0001-13;2026-03-31;1;CTC - CENTRO DE TECNOLOGIA CANAVIEIRA S.A.;023981;DF Consolidado - Demonstração do Resultado;REAL;MIL;PENÚLTIMO;2024-04-01;2025-03-31;3.11.01;Atribuído a Sócios da Empresa Controladora;175677.0000000000;S
06.981.381/0001-13;2026-03-31;1;CTC - CENTRO DE TECNOLOGIA CANAVIEIRA S.A.;023981;DF Consolidado - Demonstração do Resultado;REAL;MIL;ÚLTIMO;2025-04-01;2026-03-31;3.11.01;Atribuído a Sócios da Empresa Controladora;216474.0000000000;S
06.981.381/0001-13;2026-03-31;1;CTC - CENTRO DE TECNOLOGIA CANAVIEIRA S.A.;023981;DF Consolidado - Demonstração do Resultado;REAL;MIL;PENÚLTIMO;2024-04-01;2025-03-31;3.11.02;Atribuído a Sócios Não Controladores;0.0000000000;S
06.981.381/0001-13;2026-03-31;1;CTC - CENTRO DE TECNOLOGIA CANAVIEIRA S.A.;023981;DF Consolidado - Demonstração do Resultado;REAL;MIL;ÚLTIMO;2025-04-01;2026-03-31;3.11.02;Atribuído a Sócios Não Controladores;0.0000000000;S
06.981.381/0001-13;2026-03-31;1;CTC - CENTRO DE TECNOLOGIA CANAVIEIRA S.A.;023981;DF Consolidado - Demonstração do Resultado;REAL;MIL;PENÚLTIMO;2024-04-01;2025-03-31;3.99;Lucro por Ação - (Reais / Ação);0.0000000000;N
06.981.381/0001-13;2026-03-31;1;CTC - CENTRO DE TECNOLOGIA CANAVIEIRA S.A.;023981;DF Consolidado - Demonstração do Resultado;REAL;MIL;ÚLTIMO;2025-04-01;2026-03-31;3.99;Lucro por Ação - (Reais / Ação);0.0000000000;N
06.981.381/0001-13;2026-03-31;1;CTC - CENTRO DE TECNOLOGIA CANAVIEIRA S.A.;023981;DF Consolidado - Demonstração do Resultado;REAL;MIL;PENÚLTIMO;2024-04-01;2025-03-31;3.99.01;Lucro Básico por Ação;0.0000000000;N
06.981.381/0001-13;2026-03-31;1;CTC - CENTRO DE TECNOLOGIA CANAVIEIRA S.A.;023981;DF Consolidado - Demonstração do Resultado;REAL;MIL;ÚLTIMO;2025-04-01;2026-03-31;3.99.01;Lucro Básico por Ação;0.0000000000;N
06.981.381/0001-13;2026-03-31;1;CTC - CENTRO DE TECNOLOGIA CANAVIEIRA S.A.;023981;DF Consolidado - Demonstração do Resultado;REAL;MIL;PENÚLTIMO;2024-04-01;2025-03-31;3.99.01.01;ON;0.5453000000;N
06.981.381/0001-13;2026-03-31;1;CTC - CENTRO DE TECNOLOGIA CANAVIEIRA S.A.;023981;DF Consolidado - Demonstração do Resultado;REAL;MIL;ÚLTIMO;2025-04-01;2026-03-31;3.99.01.01;ON;0.6715000000;N
06.981.381/0001-13;2026-03-31;1;CTC - CENTRO DE TECNOLOGIA CANAVIEIRA S.A.;023981;DF Consolidado - Demonstração do Resultado;REAL;MIL;PENÚLTIMO;2024-04-01;2025-03-31;3.99.02;Lucro Diluído por Ação;0.0000000000;N
06.981.381/0001-13;2026-03-31;1;CTC - CENTRO DE TECNOLOGIA CANAVIEIRA S.A.;023981;DF Consolidado - Demonstração do Resultado;REAL;MIL;ÚLTIMO;2025-04-01;2026-03-31;3.99.02;Lucro Diluído por Ação;0.0000000000;N
07.628.528/0001-59;2026-06-30;1;BRASILAGRO - CIA BRAS DE PROP AGRICOLAS;020036;DF Consolidado - Demonstração do Resultado;REAL;MIL;PENÚLTIMO;2024-07-01;2025-06-30;3.01;Receita de Venda de Bens e/ou Serviços;1172131.0000000000;S
07.628.528/0001-59;2026-06-30;1;BRASILAGRO - CIA BRAS DE PROP AGRICOLAS;020036;DF Consolidado - Demonstração do Resultado;REAL;MIL;ÚLTIMO;2025-07-01;2026-06-30;3.01;Receita de Venda de Bens e/ou Serviços;924736.0000000000;S
07.628.528/0001-59;2026-06-30;1;BRASILAGRO - CIA BRAS DE PROP AGRICOLAS;020036;DF Consolidado - Demonstração do Resultado;REAL;MIL;PENÚLTIMO;2024-07-01;2025-06-30;3.01.01;Receita Líquida;877443.0000000000;N
07.628.528/0001-59;2026-06-30;1;BRASILAGRO - CIA BRAS DE PROP AGRICOLAS;020036;DF Consolidado - Demonstração do Resultado;REAL;MIL;ÚLTIMO;2025-07-01;2026-06-30;3.01.01;Receita Líquida;891652.0000000000;N
07.628.528/0001-59;2026-06-30;1;BRASILAGRO - CIA BRAS DE PROP AGRICOLAS;020036;DF Consolidado - Demonstração do Resultado;REAL;MIL;PENÚLTIMO;2024-07-01;2025-06-30;3.01.02;Movimentação de valor justo de ativos biológicos e produtos agrícolas;122671.0000000000;N
07.628.528/0001-59;2026-06-30;1;BRASILAGRO - CIA BRAS DE PROP AGRICOLAS;020036;DF Consolidado - Demonstração do Resultado;REAL;MIL;ÚLTIMO;2025-07-01;2026-06-30;3.01.02;Movimentação de valor justo de ativos biológicos e produtos agrícolas;32080.0000000000;N
07.628.528/0001-59;2026-06-30;1;BRASILAGRO - CIA BRAS DE PROP AGRICOLAS;020036;DF Consolidado - Demonstração do Resultado;REAL;MIL;PENÚLTIMO;2024-07-01;2025-06-30;3.01.03;Reversão de provisão (provisão) do valor recuperável de produtos agrícolas, líquida;-8069.0000000000;N
07.628.528/0001-59;2026-06-30;1;BRASILAGRO - CIA BRAS DE PROP AGRICOLAS;020036;DF Consolidado - Demonstração do Resultado;REAL;MIL;ÚLTIMO;2025-07-01;2026-06-30;3.01.03;Reversão de provisão (provisão) do valor recuperável de produtos agrícolas, líquida;-1074.0000000000;N
07.628.528/0001-59;2026-06-30;1;BRASILAGRO - CIA BRAS DE PROP AGRICOLAS;020036;DF Consolidado - Demonstração do Resultado;REAL;MIL;PENÚLTIMO;2024-07-01;2025-06-30;3.01.04;Ganho com venda de fazenda;180086.0000000000;N
07.628.528/0001-59;2026-06-30;1;BRASILAGRO - CIA BRAS DE PROP AGRICOLAS;020036;DF Consolidado - Demonstração do Resultado;REAL;MIL;ÚLTIMO;2025-07-01;2026-06-30;3.01.04;Ganho com venda de fazenda;2078.0000000000;N
07.628.528/0001-59;2026-06-30;1;BRASILAGRO - CIA BRAS DE PROP AGRICOLAS;020036;DF Consolidado - Demonstração do Resultado;REAL;MIL;PENÚLTIMO;2024-07-01;2025-06-30;3.02;Custo dos Bens e/ou Serviços Vendidos;-833910.0000000000;S
07.628.528/0001-59;2026-06-30;1;BRASILAGRO - CIA BRAS DE PROP AGRICOLAS;020036;DF Consolidado - Demonstração do Resultado;REAL;MIL;ÚLTIMO;2025-07-01;2026-06-30;3.02;Custo dos Bens e/ou Serviços Vendidos;-828422.0000000000;S
07.628.528/0001-59;2026-06-30;1;BRASILAGRO - CIA BRAS DE PROP AGRICOLAS;020036;DF Consolidado - Demonstração do Resultado;REAL;MIL;PENÚLTIMO;2024-07-01;2025-06-30;3.03;Resultado Bruto;338221.0000000000;S
07.628.528/0001-59;2026-06-30;1;BRASILAGRO - CIA BRAS DE PROP AGRICOLAS;020036;DF Consolidado - Demonstração do Resultado;REAL;MIL;ÚLTIMO;2025-07-01;2026-06-30;3.03;Resultado Bruto;96314.0000000000;S
07.628.528/0001-59;2026-06-30;1;BRASILAGRO - CIA BRAS DE PROP AGRICOLAS;020036;DF Consolidado - Demonstração do Resultado;REAL;MIL;PENÚLTIMO;2024-07-01;2025-06-30;3.04;Despesas/Receitas Operacionais;-133177.0000000000;S
07.628.528/0001-59;2026-06-30;1;BRASILAGRO - CIA BRAS DE PROP AGRICOLAS;020036;DF Consolidado - Demonstração do Resultado;REAL;MIL;ÚLTIMO;2025-07-01;2026-06-30;3.04;Despesas/Receitas Operacionais;-149238.0000000000;S
07.628.528/0001-59;2026-06-30;1;BRASILAGRO - CIA BRAS DE PROP AGRICOLAS;020036;DF Consolidado - Demonstração do Resultado;REAL;MIL;PENÚLTIMO;2024-07-01;2025-06-30;3.04.01;Despesas com Vendas;-59512.0000000000;S
07.628.528/0001-59;2026-06-30;1;BRASILAGRO - CIA BRAS DE PROP AGRICOLAS;020036;DF Consolidado - Demonstração do Resultado;REAL;MIL;ÚLTIMO;2025-07-01;2026-06-30;3.04.01;Despesas com Vendas;-72546.0000000000;S
07.628.528/0001-59;2026-06-30;1;BRASILAGRO - CIA BRAS DE PROP AGRICOLAS;020036;DF Consolidado - Demonstração do Resultado;REAL;MIL;PENÚLTIMO;2024-07-01;2025-06-30;3.04.02;Despesas Gerais e Administrativas;-67488.0000000000;S
07.628.528/0001-59;2026-06-30;1;BRASILAGRO - CIA BRAS DE PROP AGRICOLAS;020036;DF Consolidado - Demonstração do Resultado;REAL;MIL;ÚLTIMO;2025-07-01;2026-06-30;3.04.02;Despesas Gerais e Administrativas;-67953.0000000000;S
07.628.528/0001-59;2026-06-30;1;BRASILAGRO - CIA BRAS DE PROP AGRICOLAS;020036;DF Consolidado - Demonstração do Resultado;REAL;MIL;PENÚLTIMO;2024-07-01;2025-06-30;3.04.03;Perdas pela Não Recuperabilidade de Ativos;0.0000000000;S
07.628.528/0001-59;2026-06-30;1;BRASILAGRO - CIA BRAS DE PROP AGRICOLAS;020036;DF Consolidado - Demonstração do Resultado;REAL;MIL;ÚLTIMO;2025-07-01;2026-06-30;3.04.03;Perdas pela Não Recuperabilidade de Ativos;0.0000000000;S
07.628.528/0001-59;2026-06-30;1;BRASILAGRO - CIA BRAS DE PROP AGRICOLAS;020036;DF Consolidado - Demonstração do Resultado;REAL;MIL;PENÚLTIMO;2024-07-01;2025-06-30;3.04.04;Outras Receitas Operacionais;0.0000000000;S
07.628.528/0001-59;2026-06-30;1;BRASILAGRO - CIA BRAS DE PROP AGRICOLAS;020036;DF Consolidado - Demonstração do Resultado;REAL;MIL;ÚLTIMO;2025-07-01;2026-06-30;3.04.04;Outras Receitas Operacionais;0.0000000000;S
07.628.528/0001-59;2026-06-30;1;BRASILAGRO - CIA BRAS DE PROP AGRICOLAS;020036;DF Consolidado - Demonstração do Resultado;REAL;MIL;PENÚLTIMO;2024-07-01;2025-06-30;3.04.05;Outras Despesas Operacionais;-4753.0000000000;S
07.628.528/0001-59;2026-06-30;1;BRASILAGRO - CIA BRAS DE PROP AGRICOLAS;020036;DF Consolidado - Demonstração do Resultado;REAL;MIL;ÚLTIMO;2025-07-01;2026-06-30;3.04.05;Outras Despesas Operacionais;-8732.0000000000;S
07.628.528/0001-59;2026-06-30;1;BRASILAGRO - CIA BRAS DE PROP AGRICOLAS;020036;DF Consolidado - Demonstração do Resultado;REAL;MIL;PENÚLTIMO;2024-07-01;2025-06-30;3.04.06;Resultado de Equivalência Patrimonial;-1424.0000000000;S
07.628.528/0001-59;2026-06-30;1;BRASILAGRO - CIA BRAS DE PROP AGRICOLAS;020036;DF Consolidado - Demonstração do Resultado;REAL;MIL;ÚLTIMO;2025-07-01;2026-06-30;3.04.06;Resultado de Equivalência Patrimonial;-7.0000000000;S
07.628.528/0001-59;2026-06-30;1;BRASILAGRO - CIA BRAS DE PROP AGRICOLAS;020036;DF Consolidado - Demonstração do Resultado;REAL;MIL;PENÚLTIMO;2024-07-01;2025-06-30;3.05;Resultado Antes do Resultado Financeiro e dos Tributos;205044.0000000000;S
07.628.528/0001-59;2026-06-30;1;BRASILAGRO - CIA BRAS DE PROP AGRICOLAS;020036;DF Consolidado - Demonstração do Resultado;REAL;MIL;ÚLTIMO;2025-07-01;2026-06-30;3.05;Resultado Antes do Resultado Financeiro e dos Tributos;-52924.0000000000;S
07.628.528/0001-59;2026-06-30;1;BRASILAGRO - CIA BRAS DE PROP AGRICOLAS;020036;DF Consolidado - Demonstração do Resultado;REAL;MIL;PENÚLTIMO;2024-07-01;2025-06-30;3.06;Resultado Financeiro;-80396.0000000000;S
07.628.528/0001-59;2026-06-30;1;BRASILAGRO - CIA BRAS DE PROP AGRICOLAS;020036;DF Consolidado - Demonstração do Resultado;REAL;MIL;ÚLTIMO;2025-07-01;2026-06-30;3.06;Resultado Financeiro;-94378.0000000000;S
07.628.528/0001-59;2026-06-30;1;BRASILAGRO - CIA BRAS DE PROP AGRICOLAS;020036;DF Consolidado - Demonstração do Resultado;REAL;MIL;PENÚLTIMO;2024-07-01;2025-06-30;3.06.01;Receitas Financeiras;337510.0000000000;S
07.628.528/0001-59;2026-06-30;1;BRASILAGRO - CIA BRAS DE PROP AGRICOLAS;020036;DF Consolidado - Demonstração do Resultado;REAL;MIL;ÚLTIMO;2025-07-01;2026-06-30;3.06.01;Receitas Financeiras;496200.0000000000;S
07.628.528/0001-59;2026-06-30;1;BRASILAGRO - CIA BRAS DE PROP AGRICOLAS;020036;DF Consolidado - Demonstração do Resultado;REAL;MIL;PENÚLTIMO;2024-07-01;2025-06-30;3.06.02;Despesas Financeiras;-417906.0000000000;S
07.628.528/0001-59;2026-06-30;1;BRASILAGRO - CIA BRAS DE PROP AGRICOLAS;020036;DF Consolidado - Demonstração do Resultado;REAL;MIL;ÚLTIMO;2025-07-01;2026-06-30;3.06.02;Despesas Financeiras;-590578.0000000000;S
07.628.528/0001-59;2026-06-30;1;BRASILAGRO - CIA BRAS DE PROP AGRICOLAS;020036;DF Consolidado - Demonstração do Resultado;REAL;MIL;PENÚLTIMO;2024-07-01;2025-06-30;3.07;Resultado Antes dos Tributos sobre o Lucro;124648.0000000000;S
07.628.528/0001-59;2026-06-30;1;BRASILAGRO - CIA BRAS DE PROP AGRICOLAS;020036;DF Consolidado - Demonstração do Resultado;REAL;MIL;ÚLTIMO;2025-07-01;2026-06-30;3.07;Resultado Antes dos Tributos sobre o Lucro;-147302.0000000000;S
07.628.528/0001-59;2026-06-30;1;BRASILAGRO - CIA BRAS DE PROP AGRICOLAS;020036;DF Consolidado - Demonstração do Resultado;REAL;MIL;PENÚLTIMO;2024-07-01;2025-06-30;3.08;Imposto de Renda e Contribuição Social sobre o Lucro;13371.0000000000;S
07.628.528/0001-59;2026-06-30;1;BRASILAGRO - CIA BRAS DE PROP AGRICOLAS;020036;DF Consolidado - Demonstração do Resultado;REAL;MIL;ÚLTIMO;2025-07-01;2026-06-30;3.08;Imposto de Renda e Contribuição Social sobre o Lucro;57293.0000000000;S
07.628.528/0001-59;2026-06-30;1;BRASILAGRO - CIA BRAS DE PROP AGRICOLAS;020036;DF Consolidado - Demonstração do Resultado;REAL;MIL;PENÚLTIMO;2024-07-01;2025-06-30;3.08.01;Corrente;13371.0000000000;S
07.628.528/0001-59;2026-06-30;1;BRASILAGRO - CIA BRAS DE PROP AGRICOLAS;020036;DF Consolidado - Demonstração do Resultado;REAL;MIL;ÚLTIMO;2025-07-01;2026-06-30;3.08.01;Corrente;57293.0000000000;S
07.628.528/0001-59;2026-06-30;1;BRASILAGRO - CIA BRAS DE PROP AGRICOLAS;020036;DF Consolidado - Demonstração do Resultado;REAL;MIL;PENÚLTIMO;2024-07-01;2025-06-30;3.08.02;Diferido;0.0000000000;S
07.628.528/0001-59;2026-06-30;1;BRASILAGRO - CIA BRAS DE PROP AGRICOLAS;020036;DF Consolidado - Demonstração do Resultado;REAL;MIL;ÚLTIMO;2025-07-01;2026-06-30;3.08.02;Diferido;0.0000000000;S
07.628.528/0001-59;2026-06-30;1;BRASILAGRO - CIA BRAS DE PROP AGRICOLAS;020036;DF Consolidado - Demonstração do Resultado;REAL;MIL;PENÚLTIMO;2024-07-01;2025-06-30;3.09;Resultado Líquido das Operações Continuadas;138019.0000000000;S
07.628.528/0001-59;2026-06-30;1;BRASILAGRO - CIA BRAS DE PROP AGRICOLAS;020036;DF Consolidado - Demonstração do Resultado;REAL;MIL;ÚLTIMO;2025-07-01;2026-06-30;3.09;Resultado Líquido das Operações Continuadas;-90009.0000000000;S
07.628.528/0001-59;2026-06-30;1;BRASILAGRO - CIA BRAS DE PROP AGRICOLAS;020036;DF Consolidado - Demonstração do Resultado;REAL;MIL;PENÚLTIMO;2024-07-01;2025-06-30;3.10;Resultado Líquido de Operações Descontinuadas;0.0000000000;S
07.628.528/0001-59;2026-06-30;1;BRASILAGRO - CIA BRAS DE PROP AGRICOLAS;020036;DF Consolidado - Demonstração do Resultado;REAL;MIL;ÚLTIMO;2025-07-01;2026-06-30;3.10;Resultado Líquido de Operações Descontinuadas;0.0000000000;S
07.628.528/0001-59;2026-06-30;1;BRASILAGRO - CIA BRAS DE PROP AGRICOLAS;020036;DF Consolidado - Demonstração do Resultado;REAL;MIL;PENÚLTIMO;2024-07-01;2025-06-30;3.10.01;Lucro/Prejuízo Líquido das Operações Descontinuadas;0.0000000000;S
07.628.528/0001-59;2026-06-30;1;BRASILAGRO - CIA BRAS DE PROP AGRICOLAS;020036;DF Consolidado - Demonstração do Resultado;REAL;MIL;ÚLTIMO;2025-07-01;2026-06-30;3.10.01;Lucro/Prejuízo Líquido das Operações Descontinuadas;0.0000000000;S
07.628.528/0001-59;2026-06-30;1;BRASILAGRO - CIA BRAS DE PROP AGRICOLAS;020036;DF Consolidado - Demonstração do Resultado;REAL;MIL;PENÚLTIMO;2024-07-01;2025-06-30;3.10.02;Ganhos/Perdas Líquidas sobre Ativos de Operações Descontinuadas;0.0000000000;S
07.628.528/0001-59;2026-06-30;1;BRASILAGRO - CIA BRAS DE PROP AGRICOLAS;020036;DF Consolidado - Demonstração do Resultado;REAL;MIL;ÚLTIMO;2025-07-01;2026-06-30;3.10.02;Ganhos/Perdas Líquidas sobre Ativos de Operações Descontinuadas;0.0000000000;S
07.628.528/0001-59;2026-06-30;1;BRASILAGRO - CIA BRAS DE PROP AGRICOLAS;020036;DF Consolidado - Demonstração do Resultado;REAL;MIL;PENÚLTIMO;2024-07-01;2025-06-30;3.11;Lucro/Prejuízo Consolidado do Período;138019.0000000000;S
07.628.528/0001-59;2026-06-30;1;BRASILAGRO - CIA BRAS DE PROP AGRICOLAS;020036;DF Consolidado - Demonstração do Resultado;REAL;MIL;ÚLTIMO;2025-07-01;2026-06-30;3.11;Lucro/Prejuízo Consolidado do Período;-90009.0000000000;S
07.628.528/0001-59;2026-06-30;1;BRASILAGRO - CIA BRAS DE PROP AGRICOLAS;020036;DF Consolidado - Demonstração do Resultado;REAL;MIL;PENÚLTIMO;2024-07-01;2025-06-30;3.11.01;Atribuído a Sócios da Empresa Controladora;0.0000000000;S
07.628.528/0001-59;2026-06-30;1;BRASILAGRO - CIA BRAS DE PROP AGRICOLAS;020036;DF Consolidado - Demonstração do Resultado;REAL;MIL;ÚLTIMO;2025-07-01;2026-06-30;3.11.01;Atribuído a Sócios da Empresa Controladora;0.0000000000;S
07.628.528/0001-59;2026-06-30;1;BRASILAGRO - CIA BRAS DE PROP AGRICOLAS;020036;DF Consolidado - Demonstração do Resultado;REAL;MIL;PENÚLTIMO;2024-07-01;2025-06-30;3.11.02;Atribuído a Sócios Não Controladores;0.0000000000;S
07.628.528/0001-59;2026-06-30;1;BRASILAGRO - CIA BRAS DE PROP AGRICOLAS;020036;DF Consolidado - Demonstração do Resultado;REAL;MIL;ÚLTIMO;2025-07-01;2026-06-30;3.11.02;Atribuído a Sócios Não Controladores;0.0000000000;S
07.628.528/0001-59;2026-06-30;1;BRASILAGRO - CIA BRAS DE PROP AGRICOLAS;020036;DF Consolidado - Demonstração do Resultado;REAL;MIL;PENÚLTIMO;2024-07-01;2025-06-30;3.99;Lucro por Ação - (Reais / Ação);0.0000000000;N
07.628.528/0001-59;2026-06-30;1;BRASILAGRO - CIA BRAS DE PROP AGRICOLAS;020036;DF Consolidado - Demonstração do Resultado;REAL;MIL;ÚLTIMO;2025-07-01;2026-06-30;3.99;Lucro por Ação - (Reais / Ação);0.0000000000;N
07.628.528/0001-59;2026-06-30;1;BRASILAGRO - CIA BRAS DE PROP AGRICOLAS;020036;DF Consolidado - Demonstração do Resultado;REAL;MIL;PENÚLTIMO;2024-07-01;2025-06-30;3.99.01;Lucro Básico por Ação;0.0000000000;N
07.628.528/0001-59;2026-06-30;1;BRASILAGRO - CIA BRAS DE PROP AGRICOLAS;020036;DF Consolidado - Demonstração do Resultado;REAL;MIL;ÚLTIMO;2025-07-01;2026-06-30;3.99.01;Lucro Básico por Ação;0.0000000000;N
07.628.528/0001-59;2026-06-30;1;BRASILAGRO - CIA BRAS DE PROP AGRICOLAS;020036;DF Consolidado - Demonstração do Resultado;REAL;MIL;PENÚLTIMO;2024-07-01;2025-06-30;3.99.01.01;ON;1.3855000000;N
07.628.528/0001-59;2026-06-30;1;BRASILAGRO - CIA BRAS DE PROP AGRICOLAS;020036;DF Consolidado - Demonstração do Resultado;REAL;MIL;ÚLTIMO;2025-07-01;2026-06-30;3.99.01.01;ON;-0.9036000000;N
07.628.528/0001-59;2026-06-30;1;BRASILAGRO - CIA BRAS DE PROP AGRICOLAS;020036;DF Consolidado - Demonstração do Resultado;REAL;MIL;PENÚLTIMO;2024-07-01;2025-06-30;3.99.02;Lucro Diluído por Ação;0.0000000000;N
07.628.528/0001-59;2026-06-30;1;BRASILAGRO - CIA BRAS DE PROP AGRICOLAS;020036;DF Consolidado - Demonstração do Resultado;REAL;MIL;ÚLTIMO;2025-07-01;2026-06-30;3.99.02;Lucro Diluído por Ação;0.0000000000;N
07.628.528/0001-59;2026-06-30;1;BRASILAGRO - CIA BRAS DE PROP AGRICOLAS;020036;DF Consolidado - Demonstração do Resultado;REAL;MIL;PENÚLTIMO;2024-07-01;2025-06-30;3.99.02.01;ON;1.3780000000;N
07.628.528/0001-59;2026-06-30;1;BRASILAGRO - CIA BRAS DE PROP AGRICOLAS;020036;DF Consolidado - Demonstração do Resultado;REAL;MIL;ÚLTIMO;2025-07-01;2026-06-30;3.99.02.01;ON;-0.9036000000;N
08.070.508/0001-78;2026-03-31;1;RAIZEN ENERGIA S.A.;023230;DF Consolidado - Demonstração do Resultado;REAL;MIL;PENÚLTIMO;2024-04-01;2025-03-31;3.01;Receita de Venda de Bens e/ou Serviços;87700109.0000000000;S
08.070.508/0001-78;2026-03-31;1;RAIZEN ENERGIA S.A.;023230;DF Consolidado - Demonstração do Resultado;REAL;MIL;ÚLTIMO;2025-04-01;2026-03-31;3.01;Receita de Venda de Bens e/ou Serviços;74274007.0000000000;S
08.070.508/0001-78;2026-03-31;1;RAIZEN ENERGIA S.A.;023230;DF Consolidado - Demonstração do Resultado;REAL;MIL;PENÚLTIMO;2024-04-01;2025-03-31;3.02;Custo dos Bens e/ou Serviços Vendidos;-85387334.0000000000;S
08.070.508/0001-78;2026-03-31;1;RAIZEN ENERGIA S.A.;023230;DF Consolidado - Demonstração do Resultado;REAL;MIL;ÚLTIMO;2025-04-01;2026-03-31;3.02;Custo dos Bens e/ou Serviços Vendidos;-71586975.0000000000;S
08.070.508/0001-78;2026-03-31;1;RAIZEN ENERGIA S.A.;023230;DF Consolidado - Demonstração do Resultado;REAL;MIL;PENÚLTIMO;2024-04-01;2025-03-31;3.03;Resultado Bruto;2312775.0000000000;S
08.070.508/0001-78;2026-03-31;1;RAIZEN ENERGIA S.A.;023230;DF Consolidado - Demonstração do Resultado;REAL;MIL;ÚLTIMO;2025-04-01;2026-03-31;3.03;Resultado Bruto;2687032.0000000000;S
08.070.508/0001-78;2026-03-31;1;RAIZEN ENERGIA S.A.;023230;DF Consolidado - Demonstração do Resultado;REAL;MIL;PENÚLTIMO;2024-04-01;2025-03-31;3.04;Despesas/Receitas Operacionais;-3405841.0000000000;S
08.070.508/0001-78;2026-03-31;1;RAIZEN ENERGIA S.A.;023230;DF Consolidado - Demonstração do Resultado;REAL;MIL;ÚLTIMO;2025-04-01;2026-03-31;3.04;Despesas/Receitas Operacionais;-13089184.0000000000;S
08.070.508/0001-78;2026-03-31;1;RAIZEN ENERGIA S.A.;023230;DF Consolidado - Demonstração do Resultado;REAL;MIL;PENÚLTIMO;2024-04-01;2025-03-31;3.04.01;Despesas com Vendas;-2553727.0000000000;S
08.070.508/0001-78;2026-03-31;1;RAIZEN ENERGIA S.A.;023230;DF Consolidado - Demonstração do Resultado;REAL;MIL;ÚLTIMO;2025-04-01;2026-03-31;3.04.01;Despesas com Vendas;-2876439.0000000000;S
08.070.508/0001-78;2026-03-31;1;RAIZEN ENERGIA S.A.;023230;DF Consolidado - Demonstração do Resultado;REAL;MIL;PENÚLTIMO;2024-04-01;2025-03-31;3.04.02;Despesas Gerais e Administrativas;-1343435.0000000000;S
08.070.508/0001-78;2026-03-31;1;RAIZEN ENERGIA S.A.;023230;DF Consolidado - Demonstração do Resultado;REAL;MIL;ÚLTIMO;2025-04-01;2026-03-31;3.04.02;Despesas Gerais e Administrativas;-2032163.0000000000;S
08.070.508/0001-78;2026-03-31;1;RAIZEN ENERGIA S.A.;023230;DF Consolidado - Demonstração do Resultado;REAL;MIL;PENÚLTIMO;2024-04-01;2025-03-31;3.04.03;Perdas pela Não Recuperabilidade de Ativos;0.0000000000;S
08.070.508/0001-78;2026-03-31;1;RAIZEN ENERGIA S.A.;023230;DF Consolidado - Demonstração do Resultado;REAL;MIL;ÚLTIMO;2025-04-01;2026-03-31;3.04.03;Perdas pela Não Recuperabilidade de Ativos;0.0000000000;S
08.070.508/0001-78;2026-03-31;1;RAIZEN ENERGIA S.A.;023230;DF Consolidado - Demonstração do Resultado;REAL;MIL;PENÚLTIMO;2024-04-01;2025-03-31;3.04.04;Outras Receitas Operacionais;1052105.0000000000;S
08.070.508/0001-78;2026-03-31;1;RAIZEN ENERGIA S.A.;023230;DF Consolidado - Demonstração do Resultado;REAL;MIL;ÚLTIMO;2025-04-01;2026-03-31;3.04.04;Outras Receitas Operacionais;1341679.0000000000;S
08.070.508/0001-78;2026-03-31;1;RAIZEN ENERGIA S.A.;023230;DF Consolidado - Demonstração do Resultado;REAL;MIL;PENÚLTIMO;2024-04-01;2025-03-31;3.04.05;Outras Despesas Operacionais;-546145.0000000000;S
08.070.508/0001-78;2026-03-31;1;RAIZEN ENERGIA S.A.;023230;DF Consolidado - Demonstração do Resultado;REAL;MIL;ÚLTIMO;2025-04-01;2026-03-31;3.04.05;Outras Despesas Operacionais;-9546850.0000000000;S
08.070.508/0001-78;2026-03-31;1;RAIZEN ENERGIA S.A.;023230;DF Consolidado - Demonstração do Resultado;REAL;MIL;PENÚLTIMO;2024-04-01;2025-03-31;3.04.06;Resultado de Equivalência Patrimonial;-14639.0000000000;S
08.070.508/0001-78;2026-03-31;1;RAIZEN ENERGIA S.A.;023230;DF Consolidado - Demonstração do Resultado;REAL;MIL;ÚLTIMO;2025-04-01;2026-03-31;3.04.06;Resultado de Equivalência Patrimonial;24589.0000000000;S
08.070.508/0001-78;2026-03-31;1;RAIZEN ENERGIA S.A.;023230;DF Consolidado - Demonstração do Resultado;REAL;MIL;PENÚLTIMO;2024-04-01;2025-03-31;3.05;Resultado Antes do Resultado Financeiro e dos Tributos;-1093066.0000000000;S
08.070.508/0001-78;2026-03-31;1;RAIZEN ENERGIA S.A.;023230;DF Consolidado - Demonstração do Resultado;REAL;MIL;ÚLTIMO;2025-04-01;2026-03-31;3.05;Resultado Antes do Resultado Financeiro e dos Tributos;-10402152.0000000000;S
08.070.508/0001-78;2026-03-31;1;RAIZEN ENERGIA S.A.;023230;DF Consolidado - Demonstração do Resultado;REAL;MIL;PENÚLTIMO;2024-04-01;2025-03-31;3.06;Resultado Financeiro;-4309297.0000000000;S
08.070.508/0001-78;2026-03-31;1;RAIZEN ENERGIA S.A.;023230;DF Consolidado - Demonstração do Resultado;REAL;MIL;ÚLTIMO;2025-04-01;2026-03-31;3.06;Resultado Financeiro;-7826904.0000000000;S
08.070.508/0001-78;2026-03-31;1;RAIZEN ENERGIA S.A.;023230;DF Consolidado - Demonstração do Resultado;REAL;MIL;PENÚLTIMO;2024-04-01;2025-03-31;3.06.01;Receitas Financeiras;2395089.0000000000;S
08.070.508/0001-78;2026-03-31;1;RAIZEN ENERGIA S.A.;023230;DF Consolidado - Demonstração do Resultado;REAL;MIL;ÚLTIMO;2025-04-01;2026-03-31;3.06.01;Receitas Financeiras;4199995.0000000000;S
08.070.508/0001-78;2026-03-31;1;RAIZEN ENERGIA S.A.;023230;DF Consolidado - Demonstração do Resultado;REAL;MIL;PENÚLTIMO;2024-04-01;2025-03-31;3.06.01.01;Receitas financeiras;2395089.0000000000;N
08.070.508/0001-78;2026-03-31;1;RAIZEN ENERGIA S.A.;023230;DF Consolidado - Demonstração do Resultado;REAL;MIL;ÚLTIMO;2025-04-01;2026-03-31;3.06.01.01;Receitas financeiras;2703962.0000000000;N
08.070.508/0001-78;2026-03-31;1;RAIZEN ENERGIA S.A.;023230;DF Consolidado - Demonstração do Resultado;REAL;MIL;PENÚLTIMO;2024-04-01;2025-03-31;3.06.01.02;Efeito líquido dos derivativos;0.0000000000;N
08.070.508/0001-78;2026-03-31;1;RAIZEN ENERGIA S.A.;023230;DF Consolidado - Demonstração do Resultado;REAL;MIL;ÚLTIMO;2025-04-01;2026-03-31;3.06.01.02;Efeito líquido dos derivativos;0.0000000000;N
08.070.508/0001-78;2026-03-31;1;RAIZEN ENERGIA S.A.;023230;DF Consolidado - Demonstração do Resultado;REAL;MIL;PENÚLTIMO;2024-04-01;2025-03-31;3.06.01.03;Variações cambiais, líquidas;0.0000000000;N
08.070.508/0001-78;2026-03-31;1;RAIZEN ENERGIA S.A.;023230;DF Consolidado - Demonstração do Resultado;REAL;MIL;ÚLTIMO;2025-04-01;2026-03-31;3.06.01.03;Variações cambiais, líquidas;1496033.0000000000;N
08.070.508/0001-78;2026-03-31;1;RAIZEN ENERGIA S.A.;023230;DF Consolidado - Demonstração do Resultado;REAL;MIL;PENÚLTIMO;2024-04-01;2025-03-31;3.06.02;Despesas Financeiras;-6704386.0000000000;S
08.070.508/0001-78;2026-03-31;1;RAIZEN ENERGIA S.A.;023230;DF Consolidado - Demonstração do Resultado;REAL;MIL;ÚLTIMO;2025-04-01;2026-03-31;3.06.02;Despesas Financeiras;-12026899.0000000000;S
08.070.508/0001-78;2026-03-31;1;RAIZEN ENERGIA S.A.;023230;DF Consolidado - Demonstração do Resultado;REAL;MIL;PENÚLTIMO;2024-04-01;2025-03-31;3.06.02.01;Despesas financeiras;-4267370.0000000000;N
08.070.508/0001-78;2026-03-31;1;RAIZEN ENERGIA S.A.;023230;DF Consolidado - Demonstração do Resultado;REAL;MIL;ÚLTIMO;2025-04-01;2026-03-31;3.06.02.01;Despesas financeiras;-7674295.0000000000;N
08.070.508/0001-78;2026-03-31;1;RAIZEN ENERGIA S.A.;023230;DF Consolidado - Demonstração do Resultado;REAL;MIL;PENÚLTIMO;2024-04-01;2025-03-31;3.06.02.02;Variações cambiais, líquidas;-938097.0000000000;N
08.070.508/0001-78;2026-03-31;1;RAIZEN ENERGIA S.A.;023230;DF Consolidado - Demonstração do Resultado;REAL;MIL;ÚLTIMO;2025-04-01;2026-03-31;3.06.02.02;Variações cambiais, líquidas;0.0000000000;N
08.070.508/0001-78;2026-03-31;1;RAIZEN ENERGIA S.A.;023230;DF Consolidado - Demonstração do Resultado;REAL;MIL;PENÚLTIMO;2024-04-01;2025-03-31;3.06.02.03;Efeito líquido dos derivativos;-1498919.0000000000;N
08.070.508/0001-78;2026-03-31;1;RAIZEN ENERGIA S.A.;023230;DF Consolidado - Demonstração do Resultado;REAL;MIL;ÚLTIMO;2025-04-01;2026-03-31;3.06.02.03;Efeito líquido dos derivativos;-4352604.0000000000;N
08.070.508/0001-78;2026-03-31;1;RAIZEN ENERGIA S.A.;023230;DF Consolidado - Demonstração do Resultado;REAL;MIL;PENÚLTIMO;2024-04-01;2025-03-31;3.07;Resultado Antes dos Tributos sobre o Lucro;-5402363.0000000000;S
08.070.508/0001-78;2026-03-31;1;RAIZEN ENERGIA S.A.;023230;DF Consolidado - Demonstração do Resultado;REAL;MIL;ÚLTIMO;2025-04-01;2026-03-31;3.07;Resultado Antes dos Tributos sobre o Lucro;-18229056.0000000000;S
08.070.508/0001-78;2026-03-31;1;RAIZEN ENERGIA S.A.;023230;DF Consolidado - Demonstração do Resultado;REAL;MIL;PENÚLTIMO;2024-04-01;2025-03-31;3.08;Imposto de Renda e Contribuição Social sobre o Lucro;-695966.0000000000;S
08.070.508/0001-78;2026-03-31;1;RAIZEN ENERGIA S.A.;023230;DF Consolidado - Demonstração do Resultado;REAL;MIL;ÚLTIMO;2025-04-01;2026-03-31;3.08;Imposto de Renda e Contribuição Social sobre o Lucro;-3709473.0000000000;S
08.070.508/0001-78;2026-03-31;1;RAIZEN ENERGIA S.A.;023230;DF Consolidado - Demonstração do Resultado;REAL;MIL;PENÚLTIMO;2024-04-01;2025-03-31;3.08.01;Corrente;-343438.0000000000;S
08.070.508/0001-78;2026-03-31;1;RAIZEN ENERGIA S.A.;023230;DF Consolidado - Demonstração do Resultado;REAL;MIL;ÚLTIMO;2025-04-01;2026-03-31;3.08.01;Corrente;-770230.0000000000;S
08.070.508/0001-78;2026-03-31;1;RAIZEN ENERGIA S.A.;023230;DF Consolidado - Demonstração do Resultado;REAL;MIL;PENÚLTIMO;2024-04-01;2025-03-31;3.08.02;Diferido;-352528.0000000000;S
08.070.508/0001-78;2026-03-31;1;RAIZEN ENERGIA S.A.;023230;DF Consolidado - Demonstração do Resultado;REAL;MIL;ÚLTIMO;2025-04-01;2026-03-31;3.08.02;Diferido;-2939243.0000000000;S
08.070.508/0001-78;2026-03-31;1;RAIZEN ENERGIA S.A.;023230;DF Consolidado - Demonstração do Resultado;REAL;MIL;PENÚLTIMO;2024-04-01;2025-03-31;3.09;Resultado Líquido das Operações Continuadas;-6098329.0000000000;S
08.070.508/0001-78;2026-03-31;1;RAIZEN ENERGIA S.A.;023230;DF Consolidado - Demonstração do Resultado;REAL;MIL;ÚLTIMO;2025-04-01;2026-03-31;3.09;Resultado Líquido das Operações Continuadas;-21938529.0000000000;S
08.070.508/0001-78;2026-03-31;1;RAIZEN ENERGIA S.A.;023230;DF Consolidado - Demonstração do Resultado;REAL;MIL;PENÚLTIMO;2024-04-01;2025-03-31;3.10;Resultado Líquido de Operações Descontinuadas;0.0000000000;S
08.070.508/0001-78;2026-03-31;1;RAIZEN ENERGIA S.A.;023230;DF Consolidado - Demonstração do Resultado;REAL;MIL;ÚLTIMO;2025-04-01;2026-03-31;3.10;Resultado Líquido de Operações Descontinuadas;0.0000000000;S
08.070.508/0001-78;2026-03-31;1;RAIZEN ENERGIA S.A.;023230;DF Consolidado - Demonstração do Resultado;REAL;MIL;PENÚLTIMO;2024-04-01;2025-03-31;3.10.01;Lucro/Prejuízo Líquido das Operações Descontinuadas;0.0000000000;S
08.070.508/0001-78;2026-03-31;1;RAIZEN ENERGIA S.A.;023230;DF Consolidado - Demonstração do Resultado;REAL;MIL;ÚLTIMO;2025-04-01;2026-03-31;3.10.01;Lucro/Prejuízo Líquido das Operações Descontinuadas;0.0000000000;S
08.070.508/0001-78;2026-03-31;1;RAIZEN ENERGIA S.A.;023230;DF Consolidado - Demonstração do Resultado;REAL;MIL;PENÚLTIMO;2024-04-01;2025-03-31;3.10.02;Ganhos/Perdas Líquidas sobre Ativos de Operações Descontinuadas;0.0000000000;S
08.070.508/0001-78;2026-03-31;1;RAIZEN ENERGIA S.A.;023230;DF Consolidado - Demonstração do Resultado;REAL;MIL;ÚLTIMO;2025-04-01;2026-03-31;3.10.02;Ganhos/Perdas Líquidas sobre Ativos de Operações Descontinuadas;0.0000000000;S
08.070.508/0001-78;2026-03-31;1;RAIZEN ENERGIA S.A.;023230;DF Consolidado - Demonstração do Resultado;REAL;MIL;PENÚLTIMO;2024-04-01;2025-03-31;3.11;Lucro/Prejuízo Consolidado do Período;-6098329.0000000000;S
08.070.508/0001-78;2026-03-31;1;RAIZEN ENERGIA S.A.;023230;DF Consolidado - Demonstração do Resultado;REAL;MIL;ÚLTIMO;2025-04-01;2026-03-31;3.11;Lucro/Prejuízo Consolidado do Período;-21938529.0000000000;S
08.070.508/0001-78;2026-03-31;1;RAIZEN ENERGIA S.A.;023230;DF Consolidado - Demonstração do Resultado;REAL;MIL;PENÚLTIMO;2024-04-01;2025-03-31;3.11.01;Atribuído a Sócios da Empresa Controladora;-6085054.0000000000;S
08.070.508/0001-78;2026-03-31;1;RAIZEN ENERGIA S.A.;023230;DF Consolidado - Demonstração do Resultado;REAL;MIL;ÚLTIMO;2025-04-01;2026-03-31;3.11.01;Atribuído a Sócios da Empresa Controladora;-21881976.0000000000;S
08.070.508/0001-78;2026-03-31;1;RAIZEN ENERGIA S.A.;023230;DF Consolidado - Demonstração do Resultado;REAL;MIL;PENÚLTIMO;2024-04-01;2025-03-31;3.11.02;Atribuído a Sócios Não Controladores;-13275.0000000000;S
08.070.508/0001-78;2026-03-31;1;RAIZEN ENERGIA S.A.;023230;DF Consolidado - Demonstração do Resultado;REAL;MIL;ÚLTIMO;2025-04-01;2026-03-31;3.11.02;Atribuído a Sócios Não Controladores;-56553.0000000000;S
08.070.508/0001-78;2026-03-31;1;RAIZEN ENERGIA S.A.;023230;DF Consolidado - Demonstração do Resultado;REAL;MIL;PENÚLTIMO;2024-04-01;2025-03-31;3.99;Lucro por Ação - (Reais / Ação);0.0000000000;N
08.070.508/0001-78;2026-03-31;1;RAIZEN ENERGIA S.A.;023230;DF Consolidado - Demonstração do Resultado;REAL;MIL;ÚLTIMO;2025-04-01;2026-03-31;3.99;Lucro por Ação - (Reais / Ação);0.0000000000;N
08.070.508/0001-78;2026-03-31;1;RAIZEN ENERGIA S.A.;023230;DF Consolidado - Demonstração do Resultado;REAL;MIL;PENÚLTIMO;2024-04-01;2025-03-31;3.99.01;Lucro Básico por Ação;0.0000000000;N
08.070.508/0001-78;2026-03-31;1;RAIZEN ENERGIA S.A.;023230;DF Consolidado - Demonstração do Resultado;REAL;MIL;ÚLTIMO;2025-04-01;2026-03-31;3.99.01;Lucro Básico por Ação;0.0000000000;N
08.070.508/0001-78;2026-03-31;1;RAIZEN ENERGIA S.A.;023230;DF Consolidado - Demonstração do Resultado;REAL;MIL;PENÚLTIMO;2024-04-01;2025-03-31;3.99.01.01;ON;-0.2845000000;N
08.070.508/0001-78;2026-03-31;1;RAIZEN ENERGIA S.A.;023230;DF Consolidado - Demonstração do Resultado;REAL;MIL;ÚLTIMO;2025-04-01;2026-03-31;3.99.01.01;ON;-0.9802000000;N
08.070.508/0001-78;2026-03-31;1;RAIZEN ENERGIA S.A.;023230;DF Consolidado - Demonstração do Resultado;REAL;MIL;PENÚLTIMO;2024-04-01;2025-03-31;3.99.02;Lucro Diluído por Ação;0.0000000000;N
08.070.508/0001-78;2026-03-31;1;RAIZEN ENERGIA S.A.;023230;DF Consolidado - Demonstração do Resultado;REAL;MIL;ÚLTIMO;2025-04-01;2026-03-31;3.99.02;Lucro Diluído por Ação;0.0000000000;N
08.070.508/0001-78;2026-03-31;1;RAIZEN ENERGIA S.A.;023230;DF Consolidado - Demonstração do Resultado;REAL;MIL;PENÚLTIMO;2024-04-01;2025-03-31;3.99.02.01;ON;-0.2845000000;N
08.070.508/0001-78;2026-03-31;1;RAIZEN ENERGIA S.A.;023230;DF Consolidado - Demonstração do Resultado;REAL;MIL;ÚLTIMO;2025-04-01;2026-03-31;3.99.02.01;ON;-0.9802000000;N
08.322.396/0001-03;2026-03-31;1;CERRADINHO BIOENERGIA S.A.;026522;DF Consolidado - Demonstração do Resultado;REAL;MIL;PENÚLTIMO;2024-04-01;2025-03-31;3.01;Receita de Venda de Bens e/ou Serviços;3712346.0000000000;S
08.322.396/0001-03;2026-03-31;1;CERRADINHO BIOENERGIA S.A.;026522;DF Consolidado - Demonstração do Resultado;REAL;MIL;ÚLTIMO;2025-04-01;2026-03-31;3.01;Receita de Venda de Bens e/ou Serviços;4288218.0000000000;S
08.322.396/0001-03;2026-03-31;1;CERRADINHO BIOENERGIA S.A.;026522;DF Consolidado - Demonstração do Resultado;REAL;MIL;PENÚLTIMO;2024-04-01;2025-03-31;3.02;Custo dos Bens e/ou Serviços Vendidos;-2700360.0000000000;S
08.322.396/0001-03;2026-03-31;1;CERRADINHO BIOENERGIA S.A.;026522;DF Consolidado - Demonstração do Resultado;REAL;MIL;ÚLTIMO;2025-04-01;2026-03-31;3.02;Custo dos Bens e/ou Serviços Vendidos;-2836690.0000000000;S
08.322.396/0001-03;2026-03-31;1;CERRADINHO BIOENERGIA S.A.;026522;DF Consolidado - Demonstração do Resultado;REAL;MIL;PENÚLTIMO;2024-04-01;2025-03-31;3.02.01;Custo dos produtos vendidos e serviços prestados;-2684052.0000000000;N
08.322.396/0001-03;2026-03-31;1;CERRADINHO BIOENERGIA S.A.;026522;DF Consolidado - Demonstração do Resultado;REAL;MIL;ÚLTIMO;2025-04-01;2026-03-31;3.02.01;Custo dos produtos vendidos e serviços prestados;-2869398.0000000000;N
08.322.396/0001-03;2026-03-31;1;CERRADINHO BIOENERGIA S.A.;026522;DF Consolidado - Demonstração do Resultado;REAL;MIL;PENÚLTIMO;2024-04-01;2025-03-31;3.02.02;Variação no valor justo de ativo biológico;-16308.0000000000;N
08.322.396/0001-03;2026-03-31;1;CERRADINHO BIOENERGIA S.A.;026522;DF Consolidado - Demonstração do Resultado;REAL;MIL;ÚLTIMO;2025-04-01;2026-03-31;3.02.02;Variação no valor justo de ativo biológico;32708.0000000000;N
08.322.396/0001-03;2026-03-31;1;CERRADINHO BIOENERGIA S.A.;026522;DF Consolidado - Demonstração do Resultado;REAL;MIL;PENÚLTIMO;2024-04-01;2025-03-31;3.03;Resultado Bruto;1011986.0000000000;S
08.322.396/0001-03;2026-03-31;1;CERRADINHO BIOENERGIA S.A.;026522;DF Consolidado - Demonstração do Resultado;REAL;MIL;ÚLTIMO;2025-04-01;2026-03-31;3.03;Resultado Bruto;1451528.0000000000;S
08.322.396/0001-03;2026-03-31;1;CERRADINHO BIOENERGIA S.A.;026522;DF Consolidado - Demonstração do Resultado;REAL;MIL;PENÚLTIMO;2024-04-01;2025-03-31;3.04;Despesas/Receitas Operacionais;-266847.0000000000;S
08.322.396/0001-03;2026-03-31;1;CERRADINHO BIOENERGIA S.A.;026522;DF Consolidado - Demonstração do Resultado;REAL;MIL;ÚLTIMO;2025-04-01;2026-03-31;3.04;Despesas/Receitas Operacionais;-345965.0000000000;S
08.322.396/0001-03;2026-03-31;1;CERRADINHO BIOENERGIA S.A.;026522;DF Consolidado - Demonstração do Resultado;REAL;MIL;PENÚLTIMO;2024-04-01;2025-03-31;3.04.01;Despesas com Vendas;-211088.0000000000;S
08.322.396/0001-03;2026-03-31;1;CERRADINHO BIOENERGIA S.A.;026522;DF Consolidado - Demonstração do Resultado;REAL;MIL;ÚLTIMO;2025-04-01;2026-03-31;3.04.01;Despesas com Vendas;-271846.0000000000;S
08.322.396/0001-03;2026-03-31;1;CERRADINHO BIOENERGIA S.A.;026522;DF Consolidado - Demonstração do Resultado;REAL;MIL;PENÚLTIMO;2024-04-01;2025-03-31;3.04.02;Despesas Gerais e Administrativas;-120871.0000000000;S
08.322.396/0001-03;2026-03-31;1;CERRADINHO BIOENERGIA S.A.;026522;DF Consolidado - Demonstração do Resultado;REAL;MIL;ÚLTIMO;2025-04-01;2026-03-31;3.04.02;Despesas Gerais e Administrativas;-132120.0000000000;S
08.322.396/0001-03;2026-03-31;1;CERRADINHO BIOENERGIA S.A.;026522;DF Consolidado - Demonstração do Resultado;REAL;MIL;PENÚLTIMO;2024-04-01;2025-03-31;3.04.03;Perdas pela Não Recuperabilidade de Ativos;0.0000000000;S
08.322.396/0001-03;2026-03-31;1;CERRADINHO BIOENERGIA S.A.;026522;DF Consolidado - Demonstração do Resultado;REAL;MIL;ÚLTIMO;2025-04-01;2026-03-31;3.04.03;Perdas pela Não Recuperabilidade de Ativos;0.0000000000;S
08.322.396/0001-03;2026-03-31;1;CERRADINHO BIOENERGIA S.A.;026522;DF Consolidado - Demonstração do Resultado;REAL;MIL;PENÚLTIMO;2024-04-01;2025-03-31;3.04.04;Outras Receitas Operacionais;66749.0000000000;S
08.322.396/0001-03;2026-03-31;1;CERRADINHO BIOENERGIA S.A.;026522;DF Consolidado - Demonstração do Resultado;REAL;MIL;ÚLTIMO;2025-04-01;2026-03-31;3.04.04;Outras Receitas Operacionais;56076.0000000000;S
08.322.396/0001-03;2026-03-31;1;CERRADINHO BIOENERGIA S.A.;026522;DF Consolidado - Demonstração do Resultado;REAL;MIL;PENÚLTIMO;2024-04-01;2025-03-31;3.04.05;Outras Despesas Operacionais;-1637.0000000000;S
08.322.396/0001-03;2026-03-31;1;CERRADINHO BIOENERGIA S.A.;026522;DF Consolidado - Demonstração do Resultado;REAL;MIL;ÚLTIMO;2025-04-01;2026-03-31;3.04.05;Outras Despesas Operacionais;1925.0000000000;S
08.322.396/0001-03;2026-03-31;1;CERRADINHO BIOENERGIA S.A.;026522;DF Consolidado - Demonstração do Resultado;REAL;MIL;PENÚLTIMO;2024-04-01;2025-03-31;3.04.06;Resultado de Equivalência Patrimonial;0.0000000000;S
08.322.396/0001-03;2026-03-31;1;CERRADINHO BIOENERGIA S.A.;026522;DF Consolidado - Demonstração do Resultado;REAL;MIL;ÚLTIMO;2025-04-01;2026-03-31;3.04.06;Resultado de Equivalência Patrimonial;0.0000000000;S
08.322.396/0001-03;2026-03-31;1;CERRADINHO BIOENERGIA S.A.;026522;DF Consolidado - Demonstração do Resultado;REAL;MIL;PENÚLTIMO;2024-04-01;2025-03-31;3.05;Resultado Antes do Resultado Financeiro e dos Tributos;745139.0000000000;S
08.322.396/0001-03;2026-03-31;1;CERRADINHO BIOENERGIA S.A.;026522;DF Consolidado - Demonstração do Resultado;REAL;MIL;ÚLTIMO;2025-04-01;2026-03-31;3.05;Resultado Antes do Resultado Financeiro e dos Tributos;1105563.0000000000;S
08.322.396/0001-03;2026-03-31;1;CERRADINHO BIOENERGIA S.A.;026522;DF Consolidado - Demonstração do Resultado;REAL;MIL;PENÚLTIMO;2024-04-01;2025-03-31;3.06;Resultado Financeiro;-476414.0000000000;S
08.322.396/0001-03;2026-03-31;1;CERRADINHO BIOENERGIA S.A.;026522;DF Consolidado - Demonstração do Resultado;REAL;MIL;ÚLTIMO;2025-04-01;2026-03-31;3.06;Resultado Financeiro;-600963.0000000000;S
08.322.396/0001-03;2026-03-31;1;CERRADINHO BIOENERGIA S.A.;026522;DF Consolidado - Demonstração do Resultado;REAL;MIL;PENÚLTIMO;2024-04-01;2025-03-31;3.06.01;Receitas Financeiras;142912.0000000000;S
08.322.396/0001-03;2026-03-31;1;CERRADINHO BIOENERGIA S.A.;026522;DF Consolidado - Demonstração do Resultado;REAL;MIL;ÚLTIMO;2025-04-01;2026-03-31;3.06.01;Receitas Financeiras;265285.0000000000;S
08.322.396/0001-03;2026-03-31;1;CERRADINHO BIOENERGIA S.A.;026522;DF Consolidado - Demonstração do Resultado;REAL;MIL;PENÚLTIMO;2024-04-01;2025-03-31;3.06.02;Despesas Financeiras;-619326.0000000000;S
08.322.396/0001-03;2026-03-31;1;CERRADINHO BIOENERGIA S.A.;026522;DF Consolidado - Demonstração do Resultado;REAL;MIL;ÚLTIMO;2025-04-01;2026-03-31;3.06.02;Despesas Financeiras;-866248.0000000000;S
08.322.396/0001-03;2026-03-31;1;CERRADINHO BIOENERGIA S.A.;026522;DF Consolidado - Demonstração do Resultado;REAL;MIL;PENÚLTIMO;2024-04-01;2025-03-31;3.07;Resultado Antes dos Tributos sobre o Lucro;268725.0000000000;S
08.322.396/0001-03;2026-03-31;1;CERRADINHO BIOENERGIA S.A.;026522;DF Consolidado - Demonstração do Resultado;REAL;MIL;ÚLTIMO;2025-04-01;2026-03-31;3.07;Resultado Antes dos Tributos sobre o Lucro;504600.0000000000;S
08.322.396/0001-03;2026-03-31;1;CERRADINHO BIOENERGIA S.A.;026522;DF Consolidado - Demonstração do Resultado;REAL;MIL;PENÚLTIMO;2024-04-01;2025-03-31;3.08;Imposto de Renda e Contribuição Social sobre o Lucro;-72197.0000000000;S
08.322.396/0001-03;2026-03-31;1;CERRADINHO BIOENERGIA S.A.;026522;DF Consolidado - Demonstração do Resultado;REAL;MIL;ÚLTIMO;2025-04-01;2026-03-31;3.08;Imposto de Renda e Contribuição Social sobre o Lucro;-131913.0000000000;S
08.322.396/0001-03;2026-03-31;1;CERRADINHO BIOENERGIA S.A.;026522;DF Consolidado - Demonstração do Resultado;REAL;MIL;PENÚLTIMO;2024-04-01;2025-03-31;3.08.01;Corrente;-15247.0000000000;S
08.322.396/0001-03;2026-03-31;1;CERRADINHO BIOENERGIA S.A.;026522;DF Consolidado - Demonstração do Resultado;REAL;MIL;ÚLTIMO;2025-04-01;2026-03-31;3.08.01;Corrente;-8869.0000000000;S
08.322.396/0001-03;2026-03-31;1;CERRADINHO BIOENERGIA S.A.;026522;DF Consolidado - Demonstração do Resultado;REAL;MIL;PENÚLTIMO;2024-04-01;2025-03-31;3.08.02;Diferido;-56950.0000000000;S
08.322.396/0001-03;2026-03-31;1;CERRADINHO BIOENERGIA S.A.;026522;DF Consolidado - Demonstração do Resultado;REAL;MIL;ÚLTIMO;2025-04-01;2026-03-31;3.08.02;Diferido;-123044.0000000000;S
08.322.396/0001-03;2026-03-31;1;CERRADINHO BIOENERGIA S.A.;026522;DF Consolidado - Demonstração do Resultado;REAL;MIL;PENÚLTIMO;2024-04-01;2025-03-31;3.09;Resultado Líquido das Operações Continuadas;196528.0000000000;S
08.322.396/0001-03;2026-03-31;1;CERRADINHO BIOENERGIA S.A.;026522;DF Consolidado - Demonstração do Resultado;REAL;MIL;ÚLTIMO;2025-04-01;2026-03-31;3.09;Resultado Líquido das Operações Continuadas;372687.0000000000;S
08.322.396/0001-03;2026-03-31;1;CERRADINHO BIOENERGIA S.A.;026522;DF Consolidado - Demonstração do Resultado;REAL;MIL;PENÚLTIMO;2024-04-01;2025-03-31;3.10;Resultado Líquido de Operações Descontinuadas;0.0000000000;S
08.322.396/0001-03;2026-03-31;1;CERRADINHO BIOENERGIA S.A.;026522;DF Consolidado - Demonstração do Resultado;REAL;MIL;ÚLTIMO;2025-04-01;2026-03-31;3.10;Resultado Líquido de Operações Descontinuadas;0.0000000000;S
08.322.396/0001-03;2026-03-31;1;CERRADINHO BIOENERGIA S.A.;026522;DF Consolidado - Demonstração do Resultado;REAL;MIL;PENÚLTIMO;2024-04-01;2025-03-31;3.10.01;Lucro/Prejuízo Líquido das Operações Descontinuadas;0.0000000000;S
08.322.396/0001-03;2026-03-31;1;CERRADINHO BIOENERGIA S.A.;026522;DF Consolidado - Demonstração do Resultado;REAL;MIL;ÚLTIMO;2025-04-01;2026-03-31;3.10.01;Lucro/Prejuízo Líquido das Operações Descontinuadas;0.0000000000;S
08.322.396/0001-03;2026-03-31;1;CERRADINHO BIOENERGIA S.A.;026522;DF Consolidado - Demonstração do Resultado;REAL;MIL;PENÚLTIMO;2024-04-01;2025-03-31;3.10.02;Ganhos/Perdas Líquidas sobre Ativos de Operações Descontinuadas;0.0000000000;S
08.322.396/0001-03;2026-03-31;1;CERRADINHO BIOENERGIA S.A.;026522;DF Consolidado - Demonstração do Resultado;REAL;MIL;ÚLTIMO;2025-04-01;2026-03-31;3.10.02;Ganhos/Perdas Líquidas sobre Ativos de Operações Descontinuadas;0.0000000000;S
08.322.396/0001-03;2026-03-31;1;CERRADINHO BIOENERGIA S.A.;026522;DF Consolidado - Demonstração do Resultado;REAL;MIL;PENÚLTIMO;2024-04-01;2025-03-31;3.11;Lucro/Prejuízo Consolidado do Período;196528.0000000000;S
08.322.396/0001-03;2026-03-31;1;CERRADINHO BIOENERGIA S.A.;026522;DF Consolidado - Demonstração do Resultado;REAL;MIL;ÚLTIMO;2025-04-01;2026-03-31;3.11;Lucro/Prejuízo Consolidado do Período;372687.0000000000;S
08.322.396/0001-03;2026-03-31;1;CERRADINHO BIOENERGIA S.A.;026522;DF Consolidado - Demonstração do Resultado;REAL;MIL;PENÚLTIMO;2024-04-01;2025-03-31;3.11.01;Atribuído a Sócios da Empresa Controladora;196528.0000000000;S
08.322.396/0001-03;2026-03-31;1;CERRADINHO BIOENERGIA S.A.;026522;DF Consolidado - Demonstração do Resultado;REAL;MIL;ÚLTIMO;2025-04-01;2026-03-31;3.11.01;Atribuído a Sócios da Empresa Controladora;372687.0000000000;S
08.322.396/0001-03;2026-03-31;1;CERRADINHO BIOENERGIA S.A.;026522;DF Consolidado - Demonstração do Resultado;REAL;MIL;PENÚLTIMO;2024-04-01;2025-03-31;3.11.02;Atribuído a Sócios Não Controladores;0.0000000000;S
08.322.396/0001-03;2026-03-31;1;CERRADINHO BIOENERGIA S.A.;026522;DF Consolidado - Demonstração do Resultado;REAL;MIL;ÚLTIMO;2025-04-01;2026-03-31;3.11.02;Atribuído a Sócios Não Controladores;0.0000000000;S
08.322.396/0001-03;2026-03-31;1;CERRADINHO BIOENERGIA S.A.;026522;DF Consolidado - Demonstração do Resultado;REAL;MIL;PENÚLTIMO;2024-04-01;2025-03-31;3.99;Lucro por Ação - (Reais / Ação);0.4288405362;N
08.322.396/0001-03;2026-03-31;1;CERRADINHO BIOENERGIA S.A.;026522;DF Consolidado - Demonstração do Resultado;REAL;MIL;ÚLTIMO;2025-04-01;2026-03-31;3.99;Lucro por Ação - (Reais / Ação);0.8132346795;N
08.322.396/0001-03;2026-03-31;1;CERRADINHO BIOENERGIA S.A.;026522;DF Consolidado - Demonstração do Resultado;REAL;MIL;PENÚLTIMO;2024-04-01;2025-03-31;3.99.01;Lucro Básico por Ação;0.4288405362;N
08.322.396/0001-03;2026-03-31;1;CERRADINHO BIOENERGIA S.A.;026522;DF Consolidado - Demonstração do Resultado;REAL;MIL;ÚLTIMO;2025-04-01;2026-03-31;3.99.01;Lucro Básico por Ação;0.8132346795;N
08.322.396/0001-03;2026-03-31;1;CERRADINHO BIOENERGIA S.A.;026522;DF Consolidado - Demonstração do Resultado;REAL;MIL;PENÚLTIMO;2024-04-01;2025-03-31;3.99.01.01;ON;0.4288405362;N
08.322.396/0001-03;2026-03-31;1;CERRADINHO BIOENERGIA S.A.;026522;DF Consolidado - Demonstração do Resultado;REAL;MIL;ÚLTIMO;2025-04-01;2026-03-31;3.99.01.01;ON;0.8132346795;N
08.322.396/0001-03;2026-03-31;1;CERRADINHO BIOENERGIA S.A.;026522;DF Consolidado - Demonstração do Resultado;REAL;MIL;PENÚLTIMO;2024-04-01;2025-03-31;3.99.02;Lucro Diluído por Ação;0.4288405362;N
08.322.396/0001-03;2026-03-31;1;CERRADINHO BIOENERGIA S.A.;026522;DF Consolidado - Demonstração do Resultado;REAL;MIL;ÚLTIMO;2025-04-01;2026-03-31;3.99.02;Lucro Diluído por Ação;0.8132346795;N
08.322.396/0001-03;2026-03-31;1;CERRADINHO BIOENERGIA S.A.;026522;DF Consolidado - Demonstração do Resultado;REAL;MIL;PENÚLTIMO;2024-04-01;2025-03-31;3.99.02.01;ON;0.4288405362;N
08.322.396/0001-03;2026-03-31;1;CERRADINHO BIOENERGIA S.A.;026522;DF Consolidado - Demonstração do Resultado;REAL;MIL;ÚLTIMO;2025-04-01;2026-03-31;3.99.02.01;ON;0.8132346795;N
33.453.598/0001-23;2026-03-31;1;RAÍZEN S.A.;025917;DF Consolidado - Demonstração do Resultado;REAL;MIL;PENÚLTIMO;2024-04-01;2025-03-31;3.01;Receita de Venda de Bens e/ou Serviços;255268454.0000000000;S
33.453.598/0001-23;2026-03-31;1;RAÍZEN S.A.;025917;DF Consolidado - Demonstração do Resultado;REAL;MIL;ÚLTIMO;2025-04-01;2026-03-31;3.01;Receita de Venda de Bens e/ou Serviços;225849347.0000000000;S
33.453.598/0001-23;2026-03-31;1;RAÍZEN S.A.;025917;DF Consolidado - Demonstração do Resultado;REAL;MIL;PENÚLTIMO;2024-04-01;2025-03-31;3.02;Custo dos Bens e/ou Serviços Vendidos;-243431661.0000000000;S
33.453.598/0001-23;2026-03-31;1;RAÍZEN S.A.;025917;DF Consolidado - Demonstração do Resultado;REAL;MIL;ÚLTIMO;2025-04-01;2026-03-31;3.02;Custo dos Bens e/ou Serviços Vendidos;-215034452.0000000000;S
33.453.598/0001-23;2026-03-31;1;RAÍZEN S.A.;025917;DF Consolidado - Demonstração do Resultado;REAL;MIL;PENÚLTIMO;2024-04-01;2025-03-31;3.03;Resultado Bruto;11836793.0000000000;S
33.453.598/0001-23;2026-03-31;1;RAÍZEN S.A.;025917;DF Consolidado - Demonstração do Resultado;REAL;MIL;ÚLTIMO;2025-04-01;2026-03-31;3.03;Resultado Bruto;10814895.0000000000;S
33.453.598/0001-23;2026-03-31;1;RAÍZEN S.A.;025917;DF Consolidado - Demonstração do Resultado;REAL;MIL;PENÚLTIMO;2024-04-01;2025-03-31;3.04;Despesas/Receitas Operacionais;-7520452.0000000000;S
33.453.598/0001-23;2026-03-31;1;RAÍZEN S.A.;025917;DF Consolidado - Demonstração do Resultado;REAL;MIL;ÚLTIMO;2025-04-01;2026-03-31;3.04;Despesas/Receitas Operacionais;-19396455.0000000000;S
33.453.598/0001-23;2026-03-31;1;RAÍZEN S.A.;025917;DF Consolidado - Demonstração do Resultado;REAL;MIL;PENÚLTIMO;2024-04-01;2025-03-31;3.04.01;Despesas com Vendas;-6819705.0000000000;S
33.453.598/0001-23;2026-03-31;1;RAÍZEN S.A.;025917;DF Consolidado - Demonstração do Resultado;REAL;MIL;ÚLTIMO;2025-04-01;2026-03-31;3.04.01;Despesas com Vendas;-6073372.0000000000;S
33.453.598/0001-23;2026-03-31;1;RAÍZEN S.A.;025917;DF Consolidado - Demonstração do Resultado;REAL;MIL;PENÚLTIMO;2024-04-01;2025-03-31;3.04.02;Despesas Gerais e Administrativas;-2572721.0000000000;S
33.453.598/0001-23;2026-03-31;1;RAÍZEN S.A.;025917;DF Consolidado - Demonstração do Resultado;REAL;MIL;ÚLTIMO;2025-04-01;2026-03-31;3.04.02;Despesas Gerais e Administrativas;-3006070.0000000000;S
33.453.598/0001-23;2026-03-31;1;RAÍZEN S.A.;025917;DF Consolidado - Demonstração do Resultado;REAL;MIL;PENÚLTIMO;2024-04-01;2025-03-31;3.04.03;Perdas pela Não Recuperabilidade de Ativos;0.0000000000;S
33.453.598/0001-23;2026-03-31;1;RAÍZEN S.A.;025917;DF Consolidado - Demonstração do Resultado;REAL;MIL;ÚLTIMO;2025-04-01;2026-03-31;3.04.03;Perdas pela Não Recuperabilidade de Ativos;0.0000000000;S
33.453.598/0001-23;2026-03-31;1;RAÍZEN S.A.;025917;DF Consolidado - Demonstração do Resultado;REAL;MIL;PENÚLTIMO;2024-04-01;2025-03-31;3.04.04;Outras Receitas Operacionais;3245873.0000000000;S
33.453.598/0001-23;2026-03-31;1;RAÍZEN S.A.;025917;DF Consolidado - Demonstração do Resultado;REAL;MIL;ÚLTIMO;2025-04-01;2026-03-31;3.04.04;Outras Receitas Operacionais;2335219.0000000000;S
33.453.598/0001-23;2026-03-31;1;RAÍZEN S.A.;025917;DF Consolidado - Demonstração do Resultado;REAL;MIL;PENÚLTIMO;2024-04-01;2025-03-31;3.04.05;Outras Despesas Operacionais;-1169072.0000000000;S
33.453.598/0001-23;2026-03-31;1;RAÍZEN S.A.;025917;DF Consolidado - Demonstração do Resultado;REAL;MIL;ÚLTIMO;2025-04-01;2026-03-31;3.04.05;Outras Despesas Operacionais;-12470606.0000000000;S
33.453.598/0001-23;2026-03-31;1;RAÍZEN S.A.;025917;DF Consolidado - Demonstração do Resultado;REAL;MIL;PENÚLTIMO;2024-04-01;2025-03-31;3.04.06;Resultado de Equivalência Patrimonial;-204827.0000000000;S
33.453.598/0001-23;2026-03-31;1;RAÍZEN S.A.;025917;DF Consolidado - Demonstração do Resultado;REAL;MIL;ÚLTIMO;2025-04-01;2026-03-31;3.04.06;Resultado de Equivalência Patrimonial;-181626.0000000000;S
33.453.598/0001-23;2026-03-31;1;RAÍZEN S.A.;025917;DF Consolidado - Demonstração do Resultado;REAL;MIL;PENÚLTIMO;2024-04-01;2025-03-31;3.05;Resultado Antes do Resultado Financeiro e dos Tributos;4316341.0000000000;S
33.453.598/0001-23;2026-03-31;1;RAÍZEN S.A.;025917;DF Consolidado - Demonstração do Resultado;REAL;MIL;ÚLTIMO;2025-04-01;2026-03-31;3.05;Resultado Antes do Resultado Financeiro e dos Tributos;-8581560.0000000000;S
33.453.598/0001-23;2026-03-31;1;RAÍZEN S.A.;025917;DF Consolidado - Demonstração do Resultado;REAL;MIL;PENÚLTIMO;2024-04-01;2025-03-31;3.06;Resultado Financeiro;-7462591.0000000000;S
33.453.598/0001-23;2026-03-31;1;RAÍZEN S.A.;025917;DF Consolidado - Demonstração do Resultado;REAL;MIL;ÚLTIMO;2025-04-01;2026-03-31;3.06;Resultado Financeiro;-11914687.0000000000;S
33.453.598/0001-23;2026-03-31;1;RAÍZEN S.A.;025917;DF Consolidado - Demonstração do Resultado;REAL;MIL;PENÚLTIMO;2024-04-01;2025-03-31;3.06.01;Receitas Financeiras;5773580.0000000000;S
33.453.598/0001-23;2026-03-31;1;RAÍZEN S.A.;025917;DF Consolidado - Demonstração do Resultado;REAL;MIL;ÚLTIMO;2025-04-01;2026-03-31;3.06.01;Receitas Financeiras;7577309.0000000000;S
33.453.598/0001-23;2026-03-31;1;RAÍZEN S.A.;025917;DF Consolidado - Demonstração do Resultado;REAL;MIL;PENÚLTIMO;2024-04-01;2025-03-31;3.06.01.01;Receitas Financeiras;1217168.0000000000;N
33.453.598/0001-23;2026-03-31;1;RAÍZEN S.A.;025917;DF Consolidado - Demonstração do Resultado;REAL;MIL;ÚLTIMO;2025-04-01;2026-03-31;3.06.01.01;Receitas Financeiras;3147601.0000000000;N
33.453.598/0001-23;2026-03-31;1;RAÍZEN S.A.;025917;DF Consolidado - Demonstração do Resultado;REAL;MIL;PENÚLTIMO;2024-04-01;2025-03-31;3.06.01.02;Variações cambiais, líquidas;2384406.0000000000;N
33.453.598/0001-23;2026-03-31;1;RAÍZEN S.A.;025917;DF Consolidado - Demonstração do Resultado;REAL;MIL;ÚLTIMO;2025-04-01;2026-03-31;3.06.01.02;Variações cambiais, líquidas;4429708.0000000000;N
33.453.598/0001-23;2026-03-31;1;RAÍZEN S.A.;025917;DF Consolidado - Demonstração do Resultado;REAL;MIL;PENÚLTIMO;2024-04-01;2025-03-31;3.06.01.03;Efeito líquido dos derivativos;2172006.0000000000;N
33.453.598/0001-23;2026-03-31;1;RAÍZEN S.A.;025917;DF Consolidado - Demonstração do Resultado;REAL;MIL;ÚLTIMO;2025-04-01;2026-03-31;3.06.01.03;Efeito líquido dos derivativos;0.0000000000;N
33.453.598/0001-23;2026-03-31;1;RAÍZEN S.A.;025917;DF Consolidado - Demonstração do Resultado;REAL;MIL;PENÚLTIMO;2024-04-01;2025-03-31;3.06.02;Despesas Financeiras;-13236171.0000000000;S
33.453.598/0001-23;2026-03-31;1;RAÍZEN S.A.;025917;DF Consolidado - Demonstração do Resultado;REAL;MIL;ÚLTIMO;2025-04-01;2026-03-31;3.06.02;Despesas Financeiras;-19491996.0000000000;S
33.453.598/0001-23;2026-03-31;1;RAÍZEN S.A.;025917;DF Consolidado - Demonstração do Resultado;REAL;MIL;PENÚLTIMO;2024-04-01;2025-03-31;3.06.02.01;Despesas Financeiras;-5606440.0000000000;N
33.453.598/0001-23;2026-03-31;1;RAÍZEN S.A.;025917;DF Consolidado - Demonstração do Resultado;REAL;MIL;ÚLTIMO;2025-04-01;2026-03-31;3.06.02.01;Despesas Financeiras;-9153349.0000000000;N
33.453.598/0001-23;2026-03-31;1;RAÍZEN S.A.;025917;DF Consolidado - Demonstração do Resultado;REAL;MIL;PENÚLTIMO;2024-04-01;2025-03-31;3.06.02.02;Variações cambiais, líquidas;-4895498.0000000000;N
33.453.598/0001-23;2026-03-31;1;RAÍZEN S.A.;025917;DF Consolidado - Demonstração do Resultado;REAL;MIL;ÚLTIMO;2025-04-01;2026-03-31;3.06.02.02;Variações cambiais, líquidas;-1271386.0000000000;N
33.453.598/0001-23;2026-03-31;1;RAÍZEN S.A.;025917;DF Consolidado - Demonstração do Resultado;REAL;MIL;PENÚLTIMO;2024-04-01;2025-03-31;3.06.02.03;Efeito líquido dos derivativos;-2734233.0000000000;N
33.453.598/0001-23;2026-03-31;1;RAÍZEN S.A.;025917;DF Consolidado - Demonstração do Resultado;REAL;MIL;ÚLTIMO;2025-04-01;2026-03-31;3.06.02.03;Efeito líquido dos derivativos;-9067261.0000000000;N
33.453.598/0001-23;2026-03-31;1;RAÍZEN S.A.;025917;DF Consolidado - Demonstração do Resultado;REAL;MIL;PENÚLTIMO;2024-04-01;2025-03-31;3.07;Resultado Antes dos Tributos sobre o Lucro;-3146250.0000000000;S
33.453.598/0001-23;2026-03-31;1;RAÍZEN S.A.;025917;DF Consolidado - Demonstração do Resultado;REAL;MIL;ÚLTIMO;2025-04-01;2026-03-31;3.07;Resultado Antes dos Tributos sobre o Lucro;-20496247.0000000000;S
33.453.598/0001-23;2026-03-31;1;RAÍZEN S.A.;025917;DF Consolidado - Demonstração do Resultado;REAL;MIL;PENÚLTIMO;2024-04-01;2025-03-31;3.08;Imposto de Renda e Contribuição Social sobre o Lucro;-1030701.0000000000;S
33.453.598/0001-23;2026-03-31;1;RAÍZEN S.A.;025917;DF Consolidado - Demonstração do Resultado;REAL;MIL;ÚLTIMO;2025-04-01;2026-03-31;3.08;Imposto de Renda e Contribuição Social sobre o Lucro;-6638857.0000000000;S
33.453.598/0001-23;2026-03-31;1;RAÍZEN S.A.;025917;DF Consolidado - Demonstração do Resultado;REAL;MIL;PENÚLTIMO;2024-04-01;2025-03-31;3.08.01;Corrente;-1864783.0000000000;S
33.453.598/0001-23;2026-03-31;1;RAÍZEN S.A.;025917;DF Consolidado - Demonstração do Resultado;REAL;MIL;ÚLTIMO;2025-04-01;2026-03-31;3.08.01;Corrente;-1333660.0000000000;S
33.453.598/0001-23;2026-03-31;1;RAÍZEN S.A.;025917;DF Consolidado - Demonstração do Resultado;REAL;MIL;PENÚLTIMO;2024-04-01;2025-03-31;3.08.02;Diferido;834082.0000000000;S
33.453.598/0001-23;2026-03-31;1;RAÍZEN S.A.;025917;DF Consolidado - Demonstração do Resultado;REAL;MIL;ÚLTIMO;2025-04-01;2026-03-31;3.08.02;Diferido;-5305197.0000000000;S
33.453.598/0001-23;2026-03-31;1;RAÍZEN S.A.;025917;DF Consolidado - Demonstração do Resultado;REAL;MIL;PENÚLTIMO;2024-04-01;2025-03-31;3.09;Resultado Líquido das Operações Continuadas;-4176951.0000000000;S
33.453.598/0001-23;2026-03-31;1;RAÍZEN S.A.;025917;DF Consolidado - Demonstração do Resultado;REAL;MIL;ÚLTIMO;2025-04-01;2026-03-31;3.09;Resultado Líquido das Operações Continuadas;-27135104.0000000000;S
33.453.598/0001-23;2026-03-31;1;RAÍZEN S.A.;025917;DF Consolidado - Demonstração do Resultado;REAL;MIL;PENÚLTIMO;2024-04-01;2025-03-31;3.10;Resultado Líquido de Operações Descontinuadas;0.0000000000;S
33.453.598/0001-23;2026-03-31;1;RAÍZEN S.A.;025917;DF Consolidado - Demonstração do Resultado;REAL;MIL;ÚLTIMO;2025-04-01;2026-03-31;3.10;Resultado Líquido de Operações Descontinuadas;0.0000000000;S
33.453.598/0001-23;2026-03-31;1;RAÍZEN S.A.;025917;DF Consolidado - Demonstração do Resultado;REAL;MIL;PENÚLTIMO;2024-04-01;2025-03-31;3.10.01;Lucro/Prejuízo Líquido das Operações Descontinuadas;0.0000000000;S
33.453.598/0001-23;2026-03-31;1;RAÍZEN S.A.;025917;DF Consolidado - Demonstração do Resultado;REAL;MIL;ÚLTIMO;2025-04-01;2026-03-31;3.10.01;Lucro/Prejuízo Líquido das Operações Descontinuadas;0.0000000000;S
33.453.598/0001-23;2026-03-31;1;RAÍZEN S.A.;025917;DF Consolidado - Demonstração do Resultado;REAL;MIL;PENÚLTIMO;2024-04-01;2025-03-31;3.10.02;Ganhos/Perdas Líquidas sobre Ativos de Operações Descontinuadas;0.0000000000;S
33.453.598/0001-23;2026-03-31;1;RAÍZEN S.A.;025917;DF Consolidado - Demonstração do Resultado;REAL;MIL;ÚLTIMO;2025-04-01;2026-03-31;3.10.02;Ganhos/Perdas Líquidas sobre Ativos de Operações Descontinuadas;0.0000000000;S
33.453.598/0001-23;2026-03-31;1;RAÍZEN S.A.;025917;DF Consolidado - Demonstração do Resultado;REAL;MIL;PENÚLTIMO;2024-04-01;2025-03-31;3.11;Lucro/Prejuízo Consolidado do Período;-4176951.0000000000;S
33.453.598/0001-23;2026-03-31;1;RAÍZEN S.A.;025917;DF Consolidado - Demonstração do Resultado;REAL;MIL;ÚLTIMO;2025-04-01;2026-03-31;3.11;Lucro/Prejuízo Consolidado do Período;-27135104.0000000000;S
33.453.598/0001-23;2026-03-31;1;RAÍZEN S.A.;025917;DF Consolidado - Demonstração do Resultado;REAL;MIL;PENÚLTIMO;2024-04-01;2025-03-31;3.11.01;Atribuído a Sócios da Empresa Controladora;-4256524.0000000000;S
33.453.598/0001-23;2026-03-31;1;RAÍZEN S.A.;025917;DF Consolidado - Demonstração do Resultado;REAL;MIL;ÚLTIMO;2025-04-01;2026-03-31;3.11.01;Atribuído a Sócios da Empresa Controladora;-27048083.0000000000;S
33.453.598/0001-23;2026-03-31;1;RAÍZEN S.A.;025917;DF Consolidado - Demonstração do Resultado;REAL;MIL;PENÚLTIMO;2024-04-01;2025-03-31;3.11.02;Atribuído a Sócios Não Controladores;79577.0000000000;S
33.453.598/0001-23;2026-03-31;1;RAÍZEN S.A.;025917;DF Consolidado - Demonstração do Resultado;REAL;MIL;ÚLTIMO;2025-04-01;2026-03-31;3.11.02;Atribuído a Sócios Não Controladores;-87021.0000000000;S
33.453.598/0001-23;2026-03-31;1;RAÍZEN S.A.;025917;DF Consolidado - Demonstração do Resultado;REAL;MIL;PENÚLTIMO;2024-04-01;2025-03-31;3.99;Lucro por Ação - (Reais / Ação);0.0000000000;N
33.453.598/0001-23;2026-03-31;1;RAÍZEN S.A.;025917;DF Consolidado - Demonstração do Resultado;REAL;MIL;ÚLTIMO;2025-04-01;2026-03-31;3.99;Lucro por Ação - (Reais / Ação);0.0000000000;N
33.453.598/0001-23;2026-03-31;1;RAÍZEN S.A.;025917;DF Consolidado - Demonstração do Resultado;REAL;MIL;PENÚLTIMO;2024-04-01;2025-03-31;3.99.01;Lucro Básico por Ação;0.0000000000;N
33.453.598/0001-23;2026-03-31;1;RAÍZEN S.A.;025917;DF Consolidado - Demonstração do Resultado;REAL;MIL;ÚLTIMO;2025-04-01;2026-03-31;3.99.01;Lucro Básico por Ação;0.0000000000;N
33.453.598/0001-23;2026-03-31;1;RAÍZEN S.A.;025917;DF Consolidado - Demonstração do Resultado;REAL;MIL;PENÚLTIMO;2024-04-01;2025-03-31;3.99.01.01;ON;-0.4119700000;N
33.453.598/0001-23;2026-03-31;1;RAÍZEN S.A.;025917;DF Consolidado - Demonstração do Resultado;REAL;MIL;ÚLTIMO;2025-04-01;2026-03-31;3.99.01.01;ON;-2.6157700000;N
33.453.598/0001-23;2026-03-31;1;RAÍZEN S.A.;025917;DF Consolidado - Demonstração do Resultado;REAL;MIL;PENÚLTIMO;2024-04-01;2025-03-31;3.99.01.02;PN;-0.4119700000;N
33.453.598/0001-23;2026-03-31;1;RAÍZEN S.A.;025917;DF Consolidado - Demonstração do Resultado;REAL;MIL;ÚLTIMO;2025-04-01;2026-03-31;3.99.01.02;PN;-2.6157700000;N
33.453.598/0001-23;2026-03-31;1;RAÍZEN S.A.;025917;DF Consolidado - Demonstração do Resultado;REAL;MIL;PENÚLTIMO;2024-04-01;2025-03-31;3.99.02;Lucro Diluído por Ação;0.0000000000;N
33.453.598/0001-23;2026-03-31;1;RAÍZEN S.A.;025917;DF Consolidado - Demonstração do Resultado;REAL;MIL;ÚLTIMO;2025-04-01;2026-03-31;3.99.02;Lucro Diluído por Ação;0.0000000000;N
33.453.598/0001-23;2026-03-31;1;RAÍZEN S.A.;025917;DF Consolidado - Demonstração do Resultado;REAL;MIL;PENÚLTIMO;2024-04-01;2025-03-31;3.99.02.01;ON;-0.4119700000;N
33.453.598/0001-23;2026-03-31;1;RAÍZEN S.A.;025917;DF Consolidado - Demonstração do Resultado;REAL;MIL;ÚLTIMO;2025-04-01;2026-03-31;3.99.02.01;ON;-2.6157700000;N
33.453.598/0001-23;2026-03-31;1;RAÍZEN S.A.;025917;DF Consolidado - Demonstração do Resultado;REAL;MIL;PENÚLTIMO;2024-04-01;2025-03-31;3.99.02.02;PN;-0.4119700000;N
33.453.598/0001-23;2026-03-31;1;RAÍZEN S.A.;025917;DF Consolidado - Demonstração do Resultado;REAL;MIL;ÚLTIMO;2025-04-01;2026-03-31;3.99.02.02;PN;-2.6157700000;N
51.466.860/0001-56;2026-03-31;1;SAO MARTINHO S.A.;020516;DF Consolidado - Demonstração do Resultado;REAL;MIL;PENÚLTIMO;2024-04-01;2025-03-31;3.01;Receita de Venda de Bens e/ou Serviços;7162034.0000000000;S
51.466.860/0001-56;2026-03-31;1;SAO MARTINHO S.A.;020516;DF Consolidado - Demonstração do Resultado;REAL;MIL;ÚLTIMO;2025-04-01;2026-03-31;3.01;Receita de Venda de Bens e/ou Serviços;7431765.0000000000;S
51.466.860/0001-56;2026-03-31;1;SAO MARTINHO S.A.;020516;DF Consolidado - Demonstração do Resultado;REAL;MIL;PENÚLTIMO;2024-04-01;2025-03-31;3.02;Custo dos Bens e/ou Serviços Vendidos;-5376732.0000000000;S
51.466.860/0001-56;2026-03-31;1;SAO MARTINHO S.A.;020516;DF Consolidado - Demonstração do Resultado;REAL;MIL;ÚLTIMO;2025-04-01;2026-03-31;3.02;Custo dos Bens e/ou Serviços Vendidos;-5483369.0000000000;S
51.466.860/0001-56;2026-03-31;1;SAO MARTINHO S.A.;020516;DF Consolidado - Demonstração do Resultado;REAL;MIL;PENÚLTIMO;2024-04-01;2025-03-31;3.03;Resultado Bruto;1785302.0000000000;S
51.466.860/0001-56;2026-03-31;1;SAO MARTINHO S.A.;020516;DF Consolidado - Demonstração do Resultado;REAL;MIL;ÚLTIMO;2025-04-01;2026-03-31;3.03;Resultado Bruto;1948396.0000000000;S
51.466.860/0001-56;2026-03-31;1;SAO MARTINHO S.A.;020516;DF Consolidado - Demonstração do Resultado;REAL;MIL;PENÚLTIMO;2024-04-01;2025-03-31;3.04;Despesas/Receitas Operacionais;-267899.0000000000;S
51.466.860/0001-56;2026-03-31;1;SAO MARTINHO S.A.;020516;DF Consolidado - Demonstração do Resultado;REAL;MIL;ÚLTIMO;2025-04-01;2026-03-31;3.04;Despesas/Receitas Operacionais;-553595.0000000000;S
51.466.860/0001-56;2026-03-31;1;SAO MARTINHO S.A.;020516;DF Consolidado - Demonstração do Resultado;REAL;MIL;PENÚLTIMO;2024-04-01;2025-03-31;3.04.01;Despesas com Vendas;-262564.0000000000;S
51.466.860/0001-56;2026-03-31;1;SAO MARTINHO S.A.;020516;DF Consolidado - Demonstração do Resultado;REAL;MIL;ÚLTIMO;2025-04-01;2026-03-31;3.04.01;Despesas com Vendas;-292471.0000000000;S
51.466.860/0001-56;2026-03-31;1;SAO MARTINHO S.A.;020516;DF Consolidado - Demonstração do Resultado;REAL;MIL;PENÚLTIMO;2024-04-01;2025-03-31;3.04.02;Despesas Gerais e Administrativas;-340066.0000000000;S
51.466.860/0001-56;2026-03-31;1;SAO MARTINHO S.A.;020516;DF Consolidado - Demonstração do Resultado;REAL;MIL;ÚLTIMO;2025-04-01;2026-03-31;3.04.02;Despesas Gerais e Administrativas;-366733.0000000000;S
51.466.860/0001-56;2026-03-31;1;SAO MARTINHO S.A.;020516;DF Consolidado - Demonstração do Resultado;REAL;MIL;PENÚLTIMO;2024-04-01;2025-03-31;3.04.03;Perdas pela Não Recuperabilidade de Ativos;0.0000000000;S
51.466.860/0001-56;2026-03-31;1;SAO MARTINHO S.A.;020516;DF Consolidado - Demonstração do Resultado;REAL;MIL;ÚLTIMO;2025-04-01;2026-03-31;3.04.03;Perdas pela Não Recuperabilidade de Ativos;0.0000000000;S
51.466.860/0001-56;2026-03-31;1;SAO MARTINHO S.A.;020516;DF Consolidado - Demonstração do Resultado;REAL;MIL;PENÚLTIMO;2024-04-01;2025-03-31;3.04.04;Outras Receitas Operacionais;325275.0000000000;S
51.466.860/0001-56;2026-03-31;1;SAO MARTINHO S.A.;020516;DF Consolidado - Demonstração do Resultado;REAL;MIL;ÚLTIMO;2025-04-01;2026-03-31;3.04.04;Outras Receitas Operacionais;94752.0000000000;S
51.466.860/0001-56;2026-03-31;1;SAO MARTINHO S.A.;020516;DF Consolidado - Demonstração do Resultado;REAL;MIL;PENÚLTIMO;2024-04-01;2025-03-31;3.04.05;Outras Despesas Operacionais;0.0000000000;S
51.466.860/0001-56;2026-03-31;1;SAO MARTINHO S.A.;020516;DF Consolidado - Demonstração do Resultado;REAL;MIL;ÚLTIMO;2025-04-01;2026-03-31;3.04.05;Outras Despesas Operacionais;0.0000000000;S
51.466.860/0001-56;2026-03-31;1;SAO MARTINHO S.A.;020516;DF Consolidado - Demonstração do Resultado;REAL;MIL;PENÚLTIMO;2024-04-01;2025-03-31;3.04.06;Resultado de Equivalência Patrimonial;9456.0000000000;S
51.466.860/0001-56;2026-03-31;1;SAO MARTINHO S.A.;020516;DF Consolidado - Demonstração do Resultado;REAL;MIL;ÚLTIMO;2025-04-01;2026-03-31;3.04.06;Resultado de Equivalência Patrimonial;10857.0000000000;S
51.466.860/0001-56;2026-03-31;1;SAO MARTINHO S.A.;020516;DF Consolidado - Demonstração do Resultado;REAL;MIL;PENÚLTIMO;2024-04-01;2025-03-31;3.05;Resultado Antes do Resultado Financeiro e dos Tributos;1517403.0000000000;S
51.466.860/0001-56;2026-03-31;1;SAO MARTINHO S.A.;020516;DF Consolidado - Demonstração do Resultado;REAL;MIL;ÚLTIMO;2025-04-01;2026-03-31;3.05;Resultado Antes do Resultado Financeiro e dos Tributos;1394801.0000000000;S
51.466.860/0001-56;2026-03-31;1;SAO MARTINHO S.A.;020516;DF Consolidado - Demonstração do Resultado;REAL;MIL;PENÚLTIMO;2024-04-01;2025-03-31;3.06;Resultado Financeiro;-1014629.0000000000;S
51.466.860/0001-56;2026-03-31;1;SAO MARTINHO S.A.;020516;DF Consolidado - Demonstração do Resultado;REAL;MIL;ÚLTIMO;2025-04-01;2026-03-31;3.06;Resultado Financeiro;-854230.0000000000;S
51.466.860/0001-56;2026-03-31;1;SAO MARTINHO S.A.;020516;DF Consolidado - Demonstração do Resultado;REAL;MIL;PENÚLTIMO;2024-04-01;2025-03-31;3.06.01;Receitas Financeiras;439404.0000000000;S
51.466.860/0001-56;2026-03-31;1;SAO MARTINHO S.A.;020516;DF Consolidado - Demonstração do Resultado;REAL;MIL;ÚLTIMO;2025-04-01;2026-03-31;3.06.01;Receitas Financeiras;504772.0000000000;S
51.466.860/0001-56;2026-03-31;1;SAO MARTINHO S.A.;020516;DF Consolidado - Demonstração do Resultado;REAL;MIL;PENÚLTIMO;2024-04-01;2025-03-31;3.06.02;Despesas Financeiras;-1454033.0000000000;S
51.466.860/0001-56;2026-03-31;1;SAO MARTINHO S.A.;020516;DF Consolidado - Demonstração do Resultado;REAL;MIL;ÚLTIMO;2025-04-01;2026-03-31;3.06.02;Despesas Financeiras;-1359002.0000000000;S
51.466.860/0001-56;2026-03-31;1;SAO MARTINHO S.A.;020516;DF Consolidado - Demonstração do Resultado;REAL;MIL;PENÚLTIMO;2024-04-01;2025-03-31;3.07;Resultado Antes dos Tributos sobre o Lucro;502774.0000000000;S
51.466.860/0001-56;2026-03-31;1;SAO MARTINHO S.A.;020516;DF Consolidado - Demonstração do Resultado;REAL;MIL;ÚLTIMO;2025-04-01;2026-03-31;3.07;Resultado Antes dos Tributos sobre o Lucro;540571.0000000000;S
51.466.860/0001-56;2026-03-31;1;SAO MARTINHO S.A.;020516;DF Consolidado - Demonstração do Resultado;REAL;MIL;PENÚLTIMO;2024-04-01;2025-03-31;3.08;Imposto de Renda e Contribuição Social sobre o Lucro;53957.0000000000;S
51.466.860/0001-56;2026-03-31;1;SAO MARTINHO S.A.;020516;DF Consolidado - Demonstração do Resultado;REAL;MIL;ÚLTIMO;2025-04-01;2026-03-31;3.08;Imposto de Renda e Contribuição Social sobre o Lucro;295606.0000000000;S
51.466.860/0001-56;2026-03-31;1;SAO MARTINHO S.A.;020516;DF Consolidado - Demonstração do Resultado;REAL;MIL;PENÚLTIMO;2024-04-01;2025-03-31;3.08.01;Corrente;-9572.0000000000;S
51.466.860/0001-56;2026-03-31;1;SAO MARTINHO S.A.;020516;DF Consolidado - Demonstração do Resultado;REAL;MIL;ÚLTIMO;2025-04-01;2026-03-31;3.08.01;Corrente;-30890.0000000000;S
51.466.860/0001-56;2026-03-31;1;SAO MARTINHO S.A.;020516;DF Consolidado - Demonstração do Resultado;REAL;MIL;PENÚLTIMO;2024-04-01;2025-03-31;3.08.02;Diferido;63529.0000000000;S
51.466.860/0001-56;2026-03-31;1;SAO MARTINHO S.A.;020516;DF Consolidado - Demonstração do Resultado;REAL;MIL;ÚLTIMO;2025-04-01;2026-03-31;3.08.02;Diferido;326496.0000000000;S
51.466.860/0001-56;2026-03-31;1;SAO MARTINHO S.A.;020516;DF Consolidado - Demonstração do Resultado;REAL;MIL;PENÚLTIMO;2024-04-01;2025-03-31;3.09;Resultado Líquido das Operações Continuadas;556731.0000000000;S
51.466.860/0001-56;2026-03-31;1;SAO MARTINHO S.A.;020516;DF Consolidado - Demonstração do Resultado;REAL;MIL;ÚLTIMO;2025-04-01;2026-03-31;3.09;Resultado Líquido das Operações Continuadas;836177.0000000000;S
51.466.860/0001-56;2026-03-31;1;SAO MARTINHO S.A.;020516;DF Consolidado - Demonstração do Resultado;REAL;MIL;PENÚLTIMO;2024-04-01;2025-03-31;3.10;Resultado Líquido de Operações Descontinuadas;0.0000000000;S
51.466.860/0001-56;2026-03-31;1;SAO MARTINHO S.A.;020516;DF Consolidado - Demonstração do Resultado;REAL;MIL;ÚLTIMO;2025-04-01;2026-03-31;3.10;Resultado Líquido de Operações Descontinuadas;0.0000000000;S
51.466.860/0001-56;2026-03-31;1;SAO MARTINHO S.A.;020516;DF Consolidado - Demonstração do Resultado;REAL;MIL;PENÚLTIMO;2024-04-01;2025-03-31;3.10.01;Lucro/Prejuízo Líquido das Operações Descontinuadas;0.0000000000;S
51.466.860/0001-56;2026-03-31;1;SAO MARTINHO S.A.;020516;DF Consolidado - Demonstração do Resultado;REAL;MIL;ÚLTIMO;2025-04-01;2026-03-31;3.10.01;Lucro/Prejuízo Líquido das Operações Descontinuadas;0.0000000000;S
51.466.860/0001-56;2026-03-31;1;SAO MARTINHO S.A.;020516;DF Consolidado - Demonstração do Resultado;REAL;MIL;PENÚLTIMO;2024-04-01;2025-03-31;3.10.02;Ganhos/Perdas Líquidas sobre Ativos de Operações Descontinuadas;0.0000000000;S
51.466.860/0001-56;2026-03-31;1;SAO MARTINHO S.A.;020516;DF Consolidado - Demonstração do Resultado;REAL;MIL;ÚLTIMO;2025-04-01;2026-03-31;3.10.02;Ganhos/Perdas Líquidas sobre Ativos de Operações Descontinuadas;0.0000000000;S
51.466.860/0001-56;2026-03-31;1;SAO MARTINHO S.A.;020516;DF Consolidado - Demonstração do Resultado;REAL;MIL;PENÚLTIMO;2024-04-01;2025-03-31;3.11;Lucro/Prejuízo Consolidado do Período;556731.0000000000;S
51.466.860/0001-56;2026-03-31;1;SAO MARTINHO S.A.;020516;DF Consolidado - Demonstração do Resultado;REAL;MIL;ÚLTIMO;2025-04-01;2026-03-31;3.11;Lucro/Prejuízo Consolidado do Período;836177.0000000000;S
51.466.860/0001-56;2026-03-31;1;SAO MARTINHO S.A.;020516;DF Consolidado - Demonstração do Resultado;REAL;MIL;PENÚLTIMO;2024-04-01;2025-03-31;3.11.01;Atribuído a Sócios da Empresa Controladora;556731.0000000000;S
51.466.860/0001-56;2026-03-31;1;SAO MARTINHO S.A.;020516;DF Consolidado - Demonstração do Resultado;REAL;MIL;ÚLTIMO;2025-04-01;2026-03-31;3.11.01;Atribuído a Sócios da Empresa Controladora;836177.0000000000;S
51.466.860/0001-56;2026-03-31;1;SAO MARTINHO S.A.;020516;DF Consolidado - Demonstração do Resultado;REAL;MIL;PENÚLTIMO;2024-04-01;2025-03-31;3.11.02;Atribuído a Sócios Não Controladores;0.0000000000;S
51.466.860/0001-56;2026-03-31;1;SAO MARTINHO S.A.;020516;DF Consolidado - Demonstração do Resultado;REAL;MIL;ÚLTIMO;2025-04-01;2026-03-31;3.11.02;Atribuído a Sócios Não Controladores;0.0000000000;S
51.466.860/0001-56;2026-03-31;1;SAO MARTINHO S.A.;020516;DF Consolidado - Demonstração do Resultado;REAL;MIL;PENÚLTIMO;2024-04-01;2025-03-31;3.99;Lucro por Ação - (Reais / Ação);0.0000000000;N
51.466.860/0001-56;2026-03-31;1;SAO MARTINHO S.A.;020516;DF Consolidado - Demonstração do Resultado;REAL;MIL;ÚLTIMO;2025-04-01;2026-03-31;3.99;Lucro por Ação - (Reais / Ação);0.0000000000;N
51.466.860/0001-56;2026-03-31;1;SAO MARTINHO S.A.;020516;DF Consolidado - Demonstração do Resultado;REAL;MIL;PENÚLTIMO;2024-04-01;2025-03-31;3.99.01;Lucro Básico por Ação;0.0000000000;N
51.466.860/0001-56;2026-03-31;1;SAO MARTINHO S.A.;020516;DF Consolidado - Demonstração do Resultado;REAL;MIL;ÚLTIMO;2025-04-01;2026-03-31;3.99.01;Lucro Básico por Ação;0.0000000000;N
51.466.860/0001-56;2026-03-31;1;SAO MARTINHO S.A.;020516;DF Consolidado - Demonstração do Resultado;REAL;MIL;PENÚLTIMO;2024-04-01;2025-03-31;3.99.01.01;ON;1.6697000000;N
51.466.860/0001-56;2026-03-31;1;SAO MARTINHO S.A.;020516;DF Consolidado - Demonstração do Resultado;REAL;MIL;ÚLTIMO;2025-04-01;2026-03-31;3.99.01.01;ON;2.5264000000;N
51.466.860/0001-56;2026-03-31;1;SAO MARTINHO S.A.;020516;DF Consolidado - Demonstração do Resultado;REAL;MIL;PENÚLTIMO;2024-04-01;2025-03-31;3.99.02;Lucro Diluído por Ação;0.0000000000;N
51.466.860/0001-56;2026-03-31;1;SAO MARTINHO S.A.;020516;DF Consolidado - Demonstração do Resultado;REAL;MIL;ÚLTIMO;2025-04-01;2026-03-31;3.99.02;Lucro Diluído por Ação;0.0000000000;N
51.466.860/0001-56;2026-03-31;1;SAO MARTINHO S.A.;020516;DF Consolidado - Demonstração do Resultado;REAL;MIL;PENÚLTIMO;2024-04-01;2025-03-31;3.99.02.01;ON;1.6697000000;N
51.466.860/0001-56;2026-03-31;1;SAO MARTINHO S.A.;020516;DF Consolidado - Demonstração do Resultado;REAL;MIL;ÚLTIMO;2025-04-01;2026-03-31;3.99.02.01;ON;2.5264000000;N
64.904.295/0001-03;2026-02-28;1;CAMIL ALIMENTOS S.A.;024228;DF Consolidado - Demonstração do Resultado;REAL;MIL;PENÚLTIMO;2024-03-01;2025-02-28;3.01;Receita de Venda de Bens e/ou Serviços;12262939.0000000000;S
64.904.295/0001-03;2026-02-28;1;CAMIL ALIMENTOS S.A.;024228;DF Consolidado - Demonstração do Resultado;REAL;MIL;ÚLTIMO;2025-03-01;2026-02-28;3.01;Receita de Venda de Bens e/ou Serviços;11115003.0000000000;S
64.904.295/0001-03;2026-02-28;1;CAMIL ALIMENTOS S.A.;024228;DF Consolidado - Demonstração do Resultado;REAL;MIL;PENÚLTIMO;2024-03-01;2025-02-28;3.02;Custo dos Bens e/ou Serviços Vendidos;-9872991.0000000000;S
64.904.295/0001-03;2026-02-28;1;CAMIL ALIMENTOS S.A.;024228;DF Consolidado - Demonstração do Resultado;REAL;MIL;ÚLTIMO;2025-03-01;2026-02-28;3.02;Custo dos Bens e/ou Serviços Vendidos;-8622717.0000000000;S
64.904.295/0001-03;2026-02-28;1;CAMIL ALIMENTOS S.A.;024228;DF Consolidado - Demonstração do Resultado;REAL;MIL;PENÚLTIMO;2024-03-01;2025-02-28;3.03;Resultado Bruto;2389948.0000000000;S
64.904.295/0001-03;2026-02-28;1;CAMIL ALIMENTOS S.A.;024228;DF Consolidado - Demonstração do Resultado;REAL;MIL;ÚLTIMO;2025-03-01;2026-02-28;3.03;Resultado Bruto;2492286.0000000000;S
64.904.295/0001-03;2026-02-28;1;CAMIL ALIMENTOS S.A.;024228;DF Consolidado - Demonstração do Resultado;REAL;MIL;PENÚLTIMO;2024-03-01;2025-02-28;3.04;Despesas/Receitas Operacionais;-1748949.0000000000;S
64.904.295/0001-03;2026-02-28;1;CAMIL ALIMENTOS S.A.;024228;DF Consolidado - Demonstração do Resultado;REAL;MIL;ÚLTIMO;2025-03-01;2026-02-28;3.04;Despesas/Receitas Operacionais;-1862924.0000000000;S
64.904.295/0001-03;2026-02-28;1;CAMIL ALIMENTOS S.A.;024228;DF Consolidado - Demonstração do Resultado;REAL;MIL;PENÚLTIMO;2024-03-01;2025-02-28;3.04.01;Despesas com Vendas;-1193881.0000000000;S
64.904.295/0001-03;2026-02-28;1;CAMIL ALIMENTOS S.A.;024228;DF Consolidado - Demonstração do Resultado;REAL;MIL;ÚLTIMO;2025-03-01;2026-02-28;3.04.01;Despesas com Vendas;-1245548.0000000000;S
64.904.295/0001-03;2026-02-28;1;CAMIL ALIMENTOS S.A.;024228;DF Consolidado - Demonstração do Resultado;REAL;MIL;PENÚLTIMO;2024-03-01;2025-02-28;3.04.02;Despesas Gerais e Administrativas;-609193.0000000000;S
64.904.295/0001-03;2026-02-28;1;CAMIL ALIMENTOS S.A.;024228;DF Consolidado - Demonstração do Resultado;REAL;MIL;ÚLTIMO;2025-03-01;2026-02-28;3.04.02;Despesas Gerais e Administrativas;-692261.0000000000;S
64.904.295/0001-03;2026-02-28;1;CAMIL ALIMENTOS S.A.;024228;DF Consolidado - Demonstração do Resultado;REAL;MIL;PENÚLTIMO;2024-03-01;2025-02-28;3.04.03;Perdas pela Não Recuperabilidade de Ativos;0.0000000000;S
64.904.295/0001-03;2026-02-28;1;CAMIL ALIMENTOS S.A.;024228;DF Consolidado - Demonstração do Resultado;REAL;MIL;ÚLTIMO;2025-03-01;2026-02-28;3.04.03;Perdas pela Não Recuperabilidade de Ativos;0.0000000000;S
64.904.295/0001-03;2026-02-28;1;CAMIL ALIMENTOS S.A.;024228;DF Consolidado - Demonstração do Resultado;REAL;MIL;PENÚLTIMO;2024-03-01;2025-02-28;3.04.04;Outras Receitas Operacionais;58291.0000000000;S
64.904.295/0001-03;2026-02-28;1;CAMIL ALIMENTOS S.A.;024228;DF Consolidado - Demonstração do Resultado;REAL;MIL;ÚLTIMO;2025-03-01;2026-02-28;3.04.04;Outras Receitas Operacionais;70084.0000000000;S
64.904.295/0001-03;2026-02-28;1;CAMIL ALIMENTOS S.A.;024228;DF Consolidado - Demonstração do Resultado;REAL;MIL;PENÚLTIMO;2024-03-01;2025-02-28;3.04.05;Outras Despesas Operacionais;0.0000000000;S
64.904.295/0001-03;2026-02-28;1;CAMIL ALIMENTOS S.A.;024228;DF Consolidado - Demonstração do Resultado;REAL;MIL;ÚLTIMO;2025-03-01;2026-02-28;3.04.05;Outras Despesas Operacionais;0.0000000000;S
64.904.295/0001-03;2026-02-28;1;CAMIL ALIMENTOS S.A.;024228;DF Consolidado - Demonstração do Resultado;REAL;MIL;PENÚLTIMO;2024-03-01;2025-02-28;3.04.06;Resultado de Equivalência Patrimonial;-4166.0000000000;S
64.904.295/0001-03;2026-02-28;1;CAMIL ALIMENTOS S.A.;024228;DF Consolidado - Demonstração do Resultado;REAL;MIL;ÚLTIMO;2025-03-01;2026-02-28;3.04.06;Resultado de Equivalência Patrimonial;4801.0000000000;S
64.904.295/0001-03;2026-02-28;1;CAMIL ALIMENTOS S.A.;024228;DF Consolidado - Demonstração do Resultado;REAL;MIL;PENÚLTIMO;2024-03-01;2025-02-28;3.05;Resultado Antes do Resultado Financeiro e dos Tributos;640999.0000000000;S
64.904.295/0001-03;2026-02-28;1;CAMIL ALIMENTOS S.A.;024228;DF Consolidado - Demonstração do Resultado;REAL;MIL;ÚLTIMO;2025-03-01;2026-02-28;3.05;Resultado Antes do Resultado Financeiro e dos Tributos;629362.0000000000;S
64.904.295/0001-03;2026-02-28;1;CAMIL ALIMENTOS S.A.;024228;DF Consolidado - Demonstração do Resultado;REAL;MIL;PENÚLTIMO;2024-03-01;2025-02-28;3.06;Resultado Financeiro;-464367.0000000000;S
64.904.295/0001-03;2026-02-28;1;CAMIL ALIMENTOS S.A.;024228;DF Consolidado - Demonstração do Resultado;REAL;MIL;ÚLTIMO;2025-03-01;2026-02-28;3.06;Resultado Financeiro;-591654.0000000000;S
64.904.295/0001-03;2026-02-28;1;CAMIL ALIMENTOS S.A.;024228;DF Consolidado - Demonstração do Resultado;REAL;MIL;PENÚLTIMO;2024-03-01;2025-02-28;3.06.01;Receitas Financeiras;431657.0000000000;S
64.904.295/0001-03;2026-02-28;1;CAMIL ALIMENTOS S.A.;024228;DF Consolidado - Demonstração do Resultado;REAL;MIL;ÚLTIMO;2025-03-01;2026-02-28;3.06.01;Receitas Financeiras;313854.0000000000;S
64.904.295/0001-03;2026-02-28;1;CAMIL ALIMENTOS S.A.;024228;DF Consolidado - Demonstração do Resultado;REAL;MIL;PENÚLTIMO;2024-03-01;2025-02-28;3.06.02;Despesas Financeiras;-896024.0000000000;S
64.904.295/0001-03;2026-02-28;1;CAMIL ALIMENTOS S.A.;024228;DF Consolidado - Demonstração do Resultado;REAL;MIL;ÚLTIMO;2025-03-01;2026-02-28;3.06.02;Despesas Financeiras;-905508.0000000000;S
64.904.295/0001-03;2026-02-28;1;CAMIL ALIMENTOS S.A.;024228;DF Consolidado - Demonstração do Resultado;REAL;MIL;PENÚLTIMO;2024-03-01;2025-02-28;3.07;Resultado Antes dos Tributos sobre o Lucro;176632.0000000000;S
64.904.295/0001-03;2026-02-28;1;CAMIL ALIMENTOS S.A.;024228;DF Consolidado - Demonstração do Resultado;REAL;MIL;ÚLTIMO;2025-03-01;2026-02-28;3.07;Resultado Antes dos Tributos sobre o Lucro;37708.0000000000;S
64.904.295/0001-03;2026-02-28;1;CAMIL ALIMENTOS S.A.;024228;DF Consolidado - Demonstração do Resultado;REAL;MIL;PENÚLTIMO;2024-03-01;2025-02-28;3.08;Imposto de Renda e Contribuição Social sobre o Lucro;40369.0000000000;S
64.904.295/0001-03;2026-02-28;1;CAMIL ALIMENTOS S.A.;024228;DF Consolidado - Demonstração do Resultado;REAL;MIL;ÚLTIMO;2025-03-01;2026-02-28;3.08;Imposto de Renda e Contribuição Social sobre o Lucro;110763.0000000000;S
64.904.295/0001-03;2026-02-28;1;CAMIL ALIMENTOS S.A.;024228;DF Consolidado - Demonstração do Resultado;REAL;MIL;PENÚLTIMO;2024-03-01;2025-02-28;3.08.01;Corrente;-45519.0000000000;S
64.904.295/0001-03;2026-02-28;1;CAMIL ALIMENTOS S.A.;024228;DF Consolidado - Demonstração do Resultado;REAL;MIL;ÚLTIMO;2025-03-01;2026-02-28;3.08.01;Corrente;-26005.0000000000;S
64.904.295/0001-03;2026-02-28;1;CAMIL ALIMENTOS S.A.;024228;DF Consolidado - Demonstração do Resultado;REAL;MIL;PENÚLTIMO;2024-03-01;2025-02-28;3.08.02;Diferido;85888.0000000000;S
64.904.295/0001-03;2026-02-28;1;CAMIL ALIMENTOS S.A.;024228;DF Consolidado - Demonstração do Resultado;REAL;MIL;ÚLTIMO;2025-03-01;2026-02-28;3.08.02;Diferido;136768.0000000000;S
64.904.295/0001-03;2026-02-28;1;CAMIL ALIMENTOS S.A.;024228;DF Consolidado - Demonstração do Resultado;REAL;MIL;PENÚLTIMO;2024-03-01;2025-02-28;3.09;Resultado Líquido das Operações Continuadas;217001.0000000000;S
64.904.295/0001-03;2026-02-28;1;CAMIL ALIMENTOS S.A.;024228;DF Consolidado - Demonstração do Resultado;REAL;MIL;ÚLTIMO;2025-03-01;2026-02-28;3.09;Resultado Líquido das Operações Continuadas;148471.0000000000;S
64.904.295/0001-03;2026-02-28;1;CAMIL ALIMENTOS S.A.;024228;DF Consolidado - Demonstração do Resultado;REAL;MIL;PENÚLTIMO;2024-03-01;2025-02-28;3.10;Resultado Líquido de Operações Descontinuadas;0.0000000000;S
64.904.295/0001-03;2026-02-28;1;CAMIL ALIMENTOS S.A.;024228;DF Consolidado - Demonstração do Resultado;REAL;MIL;ÚLTIMO;2025-03-01;2026-02-28;3.10;Resultado Líquido de Operações Descontinuadas;0.0000000000;S
64.904.295/0001-03;2026-02-28;1;CAMIL ALIMENTOS S.A.;024228;DF Consolidado - Demonstração do Resultado;REAL;MIL;PENÚLTIMO;2024-03-01;2025-02-28;3.10.01;Lucro/Prejuízo Líquido das Operações Descontinuadas;0.0000000000;S
64.904.295/0001-03;2026-02-28;1;CAMIL ALIMENTOS S.A.;024228;DF Consolidado - Demonstração do Resultado;REAL;MIL;ÚLTIMO;2025-03-01;2026-02-28;3.10.01;Lucro/Prejuízo Líquido das Operações Descontinuadas;0.0000000000;S
64.904.295/0001-03;2026-02-28;1;CAMIL ALIMENTOS S.A.;024228;DF Consolidado - Demonstração do Resultado;REAL;MIL;PENÚLTIMO;2024-03-01;2025-02-28;3.10.02;Ganhos/Perdas Líquidas sobre Ativos de Operações Descontinuadas;0.0000000000;S
64.904.295/0001-03;2026-02-28;1;CAMIL ALIMENTOS S.A.;024228;DF Consolidado - Demonstração do Resultado;REAL;MIL;ÚLTIMO;2025-03-01;2026-02-28;3.10.02;Ganhos/Perdas Líquidas sobre Ativos de Operações Descontinuadas;0.0000000000;S
64.904.295/0001-03;2026-02-28;1;CAMIL ALIMENTOS S.A.;024228;DF Consolidado - Demonstração do Resultado;REAL;MIL;PENÚLTIMO;2024-03-01;2025-02-28;3.11;Lucro/Prejuízo Consolidado do Período;217001.0000000000;S
64.904.295/0001-03;2026-02-28;1;CAMIL ALIMENTOS S.A.;024228;DF Consolidado - Demonstração do Resultado;REAL;MIL;ÚLTIMO;2025-03-01;2026-02-28;3.11;Lucro/Prejuízo Consolidado do Período;148471.0000000000;S
64.904.295/0001-03;2026-02-28;1;CAMIL ALIMENTOS S.A.;024228;DF Consolidado - Demonstração do Resultado;REAL;MIL;PENÚLTIMO;2024-03-01;2025-02-28;3.11.01;Atribuído a Sócios da Empresa Controladora;216950.0000000000;S
64.904.295/0001-03;2026-02-28;1;CAMIL ALIMENTOS S.A.;024228;DF Consolidado - Demonstração do Resultado;REAL;MIL;ÚLTIMO;2025-03-01;2026-02-28;3.11.01;Atribuído a Sócios da Empresa Controladora;148369.0000000000;S
64.904.295/0001-03;2026-02-28;1;CAMIL ALIMENTOS S.A.;024228;DF Consolidado - Demonstração do Resultado;REAL;MIL;PENÚLTIMO;2024-03-01;2025-02-28;3.11.02;Atribuído a Sócios Não Controladores;51.0000000000;S
64.904.295/0001-03;2026-02-28;1;CAMIL ALIMENTOS S.A.;024228;DF Consolidado - Demonstração do Resultado;REAL;MIL;ÚLTIMO;2025-03-01;2026-02-28;3.11.02;Atribuído a Sócios Não Controladores;102.0000000000;S
64.904.295/0001-03;2026-02-28;1;CAMIL ALIMENTOS S.A.;024228;DF Consolidado - Demonstração do Resultado;REAL;MIL;PENÚLTIMO;2024-03-01;2025-02-28;3.99;Lucro por Ação - (Reais / Ação);0.0000000000;N
64.904.295/0001-03;2026-02-28;1;CAMIL ALIMENTOS S.A.;024228;DF Consolidado - Demonstração do Resultado;REAL;MIL;ÚLTIMO;2025-03-01;2026-02-28;3.99;Lucro por Ação - (Reais / Ação);0.0000000000;N
64.904.295/0001-03;2026-02-28;1;CAMIL ALIMENTOS S.A.;024228;DF Consolidado - Demonstração do Resultado;REAL;MIL;PENÚLTIMO;2024-03-01;2025-02-28;3.99.01;Lucro Básico por Ação;0.0000000000;N
64.904.295/0001-03;2026-02-28;1;CAMIL ALIMENTOS S.A.;024228;DF Consolidado - Demonstração do Resultado;REAL;MIL;ÚLTIMO;2025-03-01;2026-02-28;3.99.01;Lucro Básico por Ação;0.0000000000;N
64.904.295/0001-03;2026-02-28;1;CAMIL ALIMENTOS S.A.;024228;DF Consolidado - Demonstração do Resultado;REAL;MIL;PENÚLTIMO;2024-03-01;2025-02-28;3.99.01.01;ON;0.0000000000;N
64.904.295/0001-03;2026-02-28;1;CAMIL ALIMENTOS S.A.;024228;DF Consolidado - Demonstração do Resultado;REAL;MIL;ÚLTIMO;2025-03-01;2026-02-28;3.99.01.01;ON;0.0000000000;N
64.904.295/0001-03;2026-02-28;1;CAMIL ALIMENTOS S.A.;024228;DF Consolidado - Demonstração do Resultado;REAL;MIL;PENÚLTIMO;2024-03-01;2025-02-28;3.99.02;Lucro Diluído por Ação;0.0000000000;N
64.904.295/0001-03;2026-02-28;1;CAMIL ALIMENTOS S.A.;024228;DF Consolidado - Demonstração do Resultado;REAL;MIL;ÚLTIMO;2025-03-01;2026-02-28;3.99.02;Lucro Diluído por Ação;0.0000000000;N
64.904.295/0001-03;2026-02-28;1;CAMIL ALIMENTOS S.A.;024228;DF Consolidado - Demonstração do Resultado;REAL;MIL;PENÚLTIMO;2024-03-01;2025-02-28;3.99.02.01;ON;0.0000000000;N
64.904.295/0001-03;2026-02-28;1;CAMIL ALIMENTOS S.A.;024228;DF Consolidado - Demonstração do Resultado;REAL;MIL;ÚLTIMO;2025-03-01;2026-02-28;3.99.02.01;ON;0.0000000000;N
